filename	reference_text	transcribed_text
common_voice_he_42922381	אלא מבטא גם הישג תחום ספורט אומנות	אלה מבטא גם הישג תחום ספורט אומנות
common_voice_he_41896622	יום זיכרון הוא יום של משפחה שכול כול	יום זיכרון הוא יום של משפחה שכול כול
common_voice_he_42358470	הוא נמצא מקום זה לא התלהבות לא שמחה	הוא נמצא מקום זה לא התלהבות לא שמחה
common_voice_he_43313168	אז צער אני לא יכול עשה הרבה	אז צער אני לא יכול עשה הרבה
common_voice_he_40977318	עיר פתוח אז לפני שנה משהו	עיר פתוח אז לפני שנה משהו
common_voice_he_42402440	הוא אמר אני חילק פתוח	הוא אמר אני חילק פתוח
common_voice_he_43281947	זה חוויה לא הכי נעים עולם	זה לא הכי נעים עולם
common_voice_he_43281958	מספר התפרסם תקשורת הוא לא נכון	מספר התפרסם תקשורת הוא לא נכון
common_voice_he_42487978	אני רץ מכולת אני לא יכול דיבר	אני רץ מכולת אני לא יכול דיבר
common_voice_he_42487979	ילד קטן בן נוער צורך סם	ילד קטן בן נוער צורך סם
common_voice_he_41019361	זר הוא תאגיד שליטה בו הוא בידי זר	זר הוא תאגיד שליטה בו הוא בידי זר
common_voice_he_41019364	הארכה חי הציל חי מאריך חי	הערכה חי הציל חי מאריך חי
common_voice_he_41616556	קו רכבת כמו אשקלון שדרה באר	קו רכבת כמו אשקלון שדרה באר
common_voice_he_41616557	יהדות תורה מציע שינוי מדיניות כלכלי חברתי	יהדות תורה מציע שינוי מדיניות כלכלי חברתי
common_voice_he_41616558	מכרסם אוזן במשך שעה תמימה ללא הפסקה	מכרסם אוזן במשך שעה תמימה ללא הפסקה
common_voice_he_39350850	גם הורד טיפול רם קופה חולה	גם הורד טיפול רם קופה חולה
common_voice_he_39350851	טנור של שכח את קול בית	טנור של שכח את קול בית
common_voice_he_39350852	יש שם קבוצה עורב עבריין סוג שונה	יש שם קבוצה עורב עבריין סוג שונה
common_voice_he_40630793	קניון הדר הוא נקודה החלפה בין אוטובוס שונה	קניון הדר הוא נקודה החלפה בין אוטובוס שונה
common_voice_he_40630794	ארץ ברית משל יש בחינה פעם אחד שנה	ארץ ברית משל יש בחינה פעם אחד שנה
common_voice_he_40630795	אני לא הכיר מנגנון זה שום תחום	אני לא הכיר מנגנון זה שום תחום
common_voice_he_41066670	גם חישוב בחינה פיננסי זה צחוק	גם חישוב בחינה פיננסי זה צחוק
common_voice_he_41066672	בוא נתן זה קצת זמן הראה איך דבר מתנהל	בוא נתן זה קצת זמן הראה איך דבר מתנהל
common_voice_he_41066673	מתנהל בית משפט דלת פתוח	מתנהל בית משפט דלת פתוח
common_voice_he_40858574	לא זה בלבד זה לא מביא צמיחה	לא זה בלבד זה לא מביא צמיחה
common_voice_he_40858577	הכרה זה אין פוטר את ספורטאי שירות	הכרה זה אין פוטר את ספורטאי שירות
common_voice_he_40858579	מה הבדל בין שטח כבוש נקרא אוניברסיטה תל אביב	מה הבדל בין שטח כבוש נקרא אוניברסיטה תל אביב
common_voice_he_38283249	הכנסה יותר גדול הוא מכירה בול	הכנסה יותר גדול הוא מכירה בול
common_voice_he_38283250	אהבה את יוצא שיר זמר תמים	אהבה את יוצא שיר זמר תמים
common_voice_he_38283253	איש יצא כאן במקום ספורטאי בעל חשבון	איש יצא כאן במקום ספורטאי בעל חשבון
common_voice_he_41869858	מאמץ מרוכז איתור החדרה אמצע לחימה בל חוקי	מאמץ מרוכז איתור החדרה אמצע לחימה בל חוקי
common_voice_he_41869860	מתקן מתקן גז היקף זה בתוך אזור הוא רווי מפעל חומר מסוכן	מתקן מתקן גז היקף זה בתוך אזור ממלא הוא רווי מפעל חומר מסוכן
common_voice_he_41869861	באמת תודה רב כול אלה שותף	באמת תודה רב כול אלה שותף
common_voice_he_38883182	אילו מה שייך קרע נפש הרי זה ברור מובן	אילו מה שייך קרע נפש הרי זה ברור מובן
common_voice_he_38883183	הוא לא אלוהים אברהם יצחק יעקב	לא אלוהים אברהם יצחק יעקב
common_voice_he_38883184	עכשיו הוא התחיל תפס מפני מה הסתלק לו כל שאר עובדה	עכשיו הוא התחיל תפס מפני מה הסתלק לו כל שאר עובדה
common_voice_he_38883186	עשה כסף רב הן אחד יום הלך כל כסף לעזאזל עסק ביש	עשה כסף רב הן אחד יום הלך כל כסף לעזאזל עסק ביש
common_voice_he_41486333	ארנונה דימונה מוגזם לעומת רוחם	ארנונה דימונה מוגזם לעומת רוחם
common_voice_he_41486334	בין סטודנט למד כאן אוניברסיטה ארץ	בין סטודנט למד כאן אוניברסיטה ארץ
common_voice_he_41486336	שמע שם הערה מאוד מעניין לגבי תוכנית התנתקות יציאה עזה	שמע חווה מאוד מעניין לגבי תוכנית התנתקות יציאה עזה
common_voice_he_41486337	ניסן סלומינסקי אמנון כוהן ועדה פנים איכות סביבה התקבל	ניסן סלומינסקי אמנון כוהן ועדה פנים איכות סביבה התקבל
common_voice_he_40972184	ראשון ציון לא דובר עשרה טונה גז	ציון לא דובר ב עשרה טונה גז
common_voice_he_40972185	סגן מאוים רימון הושלך לתוך חצר	סגן מאוים אימון הושלך לתוך עצור
common_voice_he_40972186	אני הניח הוא לא ציפה זה יקרה מחר	אני הניח הוא לא ציפה זה יקרה מחר
common_voice_he_40972188	לא רק רמה עקרונית אלא גם רמה תפעולי	לא רק רמה עקרונית אלא גם רמה תפעולי
common_voice_he_40909673	כי גם כך הוא רעב ממהר	כי גם כך הוא רעב ממהר
common_voice_he_40909674	אני עד כך מקום יהודי הוא יעד פורענות מפגע	אני עד כך מקום יהודי הוא יעד פורענות מפגע
common_voice_he_40909676	למה הוא צריכה גבה מן אגרה	למה הוא צריכה גבה מן אגרה
common_voice_he_40909677	לא אצל מובטל לא אצל חרד	לא יוצא מובטל לא יוצא חרד
common_voice_he_39897721	סין יש רכבת מהיר מגיע עד ארבעה מאה	סין יש רכבת מהיר מגיע עד ארבעה מאה
common_voice_he_39897722	ערך יקר הוא דע מה למעלה מן	ערך יקר הוא דע מה למעלה מן
common_voice_he_39897723	הוא לא נעצר הוא לא נשפט	הוא לא נעצר הוא לא נשפט
common_voice_he_39897724	אני לקראת משהו אלף שלושה עשרה	אני לקראת משהו ב אלף שלושה עשרה
common_voice_he_43281934	אלא אם כן יש מי מתנגד	על כן יש מי מתנגד
common_voice_he_43281935	אני נמצא פה שנה אלף תשע מאה שמונה שמונה	אני נמצא פה שנה אלף תשע מאה שמונה שמונה
common_voice_he_43281936	יד כיכר רבין יש את מקום עם סושי הכי אכל חי	יד כיכר רבין יש את מקום עם הכי אכל חי
common_voice_he_43281938	אבל אני רוצה וידא סופי אני בא עם דבר סודר	אבל אני רוצה וידא סופי אני בא עם דבר סודר
common_voice_he_40067774	איגוד עיר שירות כבאות אזור אשקלון	איגוד עיר שירות כבאות אזור אשקלון
common_voice_he_40067775	תוקף הפקיד יושב ראש ועדה	תוקף הפקיד יושב ראש ועדה
common_voice_he_40067777	אבא רץ את יער שאלה אבא את אם היכן	אבא רץ את יער שאלה את אם היכן חנא לך
common_voice_he_40067778	נחקר במשך שעה סיום שוחרר דרך	נחקר במשך שעה סיום שוחרר דרך
common_voice_he_38744643	חלק העז מרד הצביע נושא יושר	חלק העז הצביע נושא יושר
common_voice_he_38744644	לכן כל טכנולוגיה אפשר הכניס הגביל	לכן כל טכנולוגיה אפשר הכניס הגביל
common_voice_he_38744646	מחלקה שביעית של תרבות אבדה עם מורה	מחלקה שביעית של תרבות עובד עם מורה
common_voice_he_38744647	חמור השרה מנוחה אסם	עיסה חמור מנוחה דליה
common_voice_he_38094978	אורך ליל קצר יום	אורך ליל קצר יום
common_voice_he_38094979	נשכב יד מים שקט	נשכר יד מים שקט
common_voice_he_38094980	הרי זה נקרא לקח חרמש יד	הרי זה נקרא לקח חרמש יד
common_voice_he_38094981	מורה לוקח כרכרה נוסע לקראת	מורה לוקח כרכרה נוסע לקראת
common_voice_he_39750876	אז מותר נתן גם מפלגה אחר נימק	אז מותר נתן גם מפלגה אחר נימק
common_voice_he_39750877	אבל היות היי שינוי בסדר יום הוא היי חייב עזב	אבל היות היי שינוי בסדר יום הוא היי חייב עזב
common_voice_he_39750878	זה היי למעשה ראשית שימוש נעל	זה היי למעשה ראשית שימוש נעל
common_voice_he_39750933	הרבה פעם דובר על נושא זה	הרבה פעם דובר על נושא זה
common_voice_he_39750937	זה עצם מהווה שלילי חייל מילוא התייצב שירות	זה עצם מהווה שלילי חייל מילוא התייצב שירות
common_voice_he_38883685	יום בהיר יפה יצא טיול	יום בהיר יפה יצא טיול
common_voice_he_38883686	כל בריא הילך כמו קפיץ מתכווץ כאב שריר	כל בריא הילך כמו קפיץ מתכווץ כאב שריר
common_voice_he_38883687	עשן החל	ראש החל
common_voice_he_38883688	כבר אפשר הראה לא דובר תוכנית כלכלי	כבר אפשר הראה לא דובר תוכנית כלכלי
common_voice_he_38883689	הוא רועה של	הוא רועה של
common_voice_he_40972199	מפלגה זה גרוע קדים זה גרוע	מפלגה זה גרוע קדים זה גרוע
common_voice_he_40972200	הוא הגיד אני נפגע תאונה דרך	הוא הגיד אני נפגע תאונה דרך
common_voice_he_40972201	הוא אומר תוכנית זה החליט צורה ברור לא נפגע שכבה נמצא מצב קשה יותר	הוא אומר תוכנית זה החליט צורה ברור לא נפגע שכבה נמצא מצב קשה יותר
common_voice_he_40972202	שולם טוב קרן שיקום ים	שולם טוב קרן שיקום ים
common_voice_he_40972203	אני חייב הגיד לי אני לא שייך מנזר שתקן	אני חייב הגיד לי אני לא שייך מנזר שתקן
common_voice_he_41617129	בריאה עולם היי בזכות מידה חסד עולם חסד נבנה	בריאה עולם היי בזכות מידה חסד עולם חסד נבנה
common_voice_he_41617130	מכללה יותר אחוז מרצה הוא הרצה מן חוץ	מכללה יותר מ אחוז מרצה הוא הרצה מן חוץ
common_voice_he_41617131	מקום של הוא הפסיק ציטט צורה סלקטיבי	מקום של הוא הפסיק ציטט צורה סלקטיבי
common_voice_he_41617133	עוזר יד דורי ואג סיגל	עוזר יד דורי ואג סיגל
common_voice_he_41617137	זה אפשר תיקן כי זה לא מעשה שמיים	זה אפשר תיקן כי זה לא מעשה שמיים
common_voice_he_40137979	מה הוא התחשבות עמדה קרוב משפחה	מה התחשבות עמדה קרוב משפחה
common_voice_he_40137980	אני מקווה תוכנית קרוב עור גיד	אני מקווה תוכנית קרוב אור גיד
common_voice_he_40137981	יש הרבה מותג של מכונית ארץ הונדה וולוו משל	יש הרבה מותג של מכונית ארץ הונדה יונדאי משל
common_voice_he_40137982	לא הפר אמון לא קיבל שוחד	לא הפר אמון לא קיבל שוחד
common_voice_he_40137983	בין אדם נפטר בית בין קרוב משפחה בין הוא נפטר ערירי מקום כלשהו	בין אדם נפטר בית בין קרוב משפחה בין הוא נפטר על יד מקום כלשהו
common_voice_he_43313116	אני רגע נמצא דווקא ארבעה עשרה דקה	אני רגע נמצא דווקא ב ארבעה עשרה דקה
common_voice_he_43313117	הפעיל את שיר של אביב גפן	הפעיל את שיר של אביב גלגלצ
common_voice_he_43313118	תוך חמישה דקה זה מופיע רדיו	תוך חמישה דקה זה מופיע רדיו
common_voice_he_43313119	מוח מורכב שניים אונות ימני שמאלי	מוח מורכב שניים עונה ימני שמאלי
common_voice_he_43313120	תוכנית כלכלי בינתיים גזרה אחד עבר מן עולם	תוכנית כלכלי בינתיים גזרה אחד עבר מן עולם
common_voice_he_38568963	כל סמל הוא מועט מרמז הרבה	כל סמל מועט הרבה
common_voice_he_38568964	מתחיל דיבר על בית עין מאיר מין ברק מתגעגע חולם	מתחיל דיבר על בית עין מהיר
common_voice_he_38568965	כי דיון בפני הוקפא עד בירור הליך פלילי	דיון בפני הוקפא עד בירור הליך פלילי
common_voice_he_38568966	שעה דן אבישי אתי רותי קפץ על ערמה קש עמד מן צד	שעה דן אבישי אתי רותי על ערמה קיץ עמד יוסי ימין עצב
common_voice_he_38568967	ראה עיר בירה בטרם עלייה ארץ	ראה אוויר אווירה בטרם עלייה ארץ
common_voice_he_39659793	אבל הוא ישב לילה שלם מעצר	אבל הוא ישב לילה שלם מעצב
common_voice_he_39659794	הוא גם החליט שיתף בטן עשה קפה משתף	הוא גם החליט שיתף ארוחה עשה קופה שותף
common_voice_he_39659795	אני הוכרח אומר אני לא היסס עשה מהפכה תחום תכנון	אני הוכרח אומר אני לא היסס עשה מהפכה תחום תכנון
common_voice_he_39659796	נצר בן מצווה אל תורה אם	חיזק בן מצווה אל תורה אם
common_voice_he_39659797	אני עושה מאמץ כולל עכשיו שליטה נכנס בית ספר	אני עושה מאמץ כולל עכשיו שליטה נכנס בית ספר
common_voice_he_40612852	איפה הוא בא מה תפיסה עולם	איפה הוא בא מה תפיסה עולם
common_voice_he_40612855	צד שניים רדיו הכניס הפרטה זה ספק אם רדיו ממלכתי יכולת המשיך התקיים	צד שניים רדיו הכניס הפרטה זה ספק אם רדיו ממלכתי יכולת המשיך התקיים
common_voice_he_40612862	מקור של הכנסה חולק נקבע מקור הכנסה של נאמן אופן יחס	הוראה של הכנסה חולק נאמן נקבע מקור הכנסה של נאמן אופן יחס
common_voice_he_40612863	עניין זה הוא מאה ארבעה מיליון שקל	עניין זה הוא מאה ארבעה מיליון שקל
common_voice_he_40612866	אולם תגמול נזקק נצרך מותנה טבע דבר הכנסה אחר	אולם נזקק נצרך מותנה טבע דבר הכנסה אחר
common_voice_he_40612867	אווירה איפוק ריסון היי קצרה מועד	אווירה איפוק ריסון היי קצרה מועד
common_voice_he_41019415	אפילו כאשר היי ישיבה של ועדה תכנון חיפה	אפילו כאשר היי ישיבה של ועדה תכנון חיפה
common_voice_he_41019416	שם נהיה פתוח דרך תהליך מדיני היסטורי	שם נהיה פתוח דרך תהליך מדיני היסטורי
common_voice_he_41019419	משל בן אדם כלל מתעלם בקשה	משל בן אדם כלל מתעלם בקשה
common_voice_he_41019455	הגיד את זה הגיד פיתח את סרט הסתכל	הגיד את זה הגיד פיתח את סרט הסתכל
common_voice_he_41019456	מה חלק מה נעים גורל	מה חלק מה נעים גורל
common_voice_he_41019457	על מנת את אוזן התכבד הביא בפני נתון מספרי שטח התייחס ציבור קשיש	על מנת את אוזן התכבד הביא בפני נתון מספרי שטח התייחס ציבור קשיש
common_voice_he_38623331	זה אפשרי חי מחנה פליט תחת הפצצה	זה אפשרי חי מחנה פליט תחת הפצצה
common_voice_he_38623332	עשרה יוני אלף אחד עשרה מניין	עשרה תשע יוני אלף אחד עשרה מניין
common_voice_he_38623333	אני צריך לקח את כלב של ספר	אני צריך לקח את כלב של ספר
common_voice_he_38623334	קושי ראשון נוגע מועד עריכה הסדר חוב	קושי ראשון נוגע מועד עריכה הסדר חוב
common_voice_he_38623347	מים בושם את השתמש הוא ריח משובח	מים את השתמש הוא ריח משובח
common_voice_he_38623348	גם בית תפילה סר ודאי לפעמים שעה מצב רוח	גם בית תפילה שר ודאי לפעמים שעה מצב רוח
common_voice_he_38623349	אם אח אני מקבל מכתב שניים בריא	אם אח אני מקבל מכתב שניים גרוע
common_voice_he_43503033	חמישה אלף פועל כפר נא סביבה נזקק שירות	חמישה אלף פועל כפר נא סביבה נזקק שירות
common_voice_he_43503040	כי נושא נדון לפני דקה לא רב מליאה	כי נושא נדון לפני דקה לא רב מליאה
common_voice_he_43503045	הכנה תוכנית סדור טיפול הסרה לוח פריך שיתוף פעולה עם משרד איכות סביבה	הכנה תוכנית סדור טיפול הסרה לוח פריך שיתוף פעולה עם משרד איכות סביבה
common_voice_he_43503050	זה נשיא הטיף הטיף פעל פועל	זה נשיא הטיף הטיף פעל פועל
common_voice_he_43503051	נושא זה כבר עלה לפני שבוע	נושא זה כבר עלה לפני שבוע
common_voice_he_43503055	נערך השתלמות הורה שיפור איכות הוראה הטמעה לימוד חומר מידה עתיר טכנולוגיה עילי	נערך השתלמות הורה שיפור איכות הוראה הטמעה לימוד חומר מידה עתיר טכנולוגיה
common_voice_he_43503067	אח גדול הוא תוכנית טלוויזיה פופולרי ערוץ שניים	אח גדול הוא תוכנית טלוויזיה פופולרי ערוץ שניים
common_voice_he_43512945	היי ישיבה פה פגרה קיץ לפני שנה חצי	היי ישיבה פה פגרה קיץ לפני שנה חצי
common_voice_he_43512961	לא פחות לא יותר אני קצבה ילד לא קיצץ לעולם	לא פחות לא יותר אני קצבה ילד לא קיצץ לעולם
common_voice_he_40977316	אוכל יורד נכנס קיבה שם אחר כך הוא מועבר מעי דק גס	אוכל יורד ושט נכנס קיבה שם אחר כך הוא מועבר מים דק גס
common_voice_he_40978528	צריך הביא תוכנית בניין עיר תבע	צריך הביא תוכנית בניין עיר טאב
common_voice_he_40978535	אני רוצה פתח דבר הסיר את	אני רוצה פתח דבר הסיר את
common_voice_he_40978542	דרום תל אביב או עיר חלש	דרום תל אביב בער חלש
common_voice_he_40978546	אני יודע מה זה משטרה חושד	אני יודע מה זה משטרה חושד
common_voice_he_40978553	גיבוש נוהל פקודה טיפול הסרה פריך	גיבוש נוהל פקודה טיפול הסרה אסבסט פריך
common_voice_he_40978560	בן גוריון עשה את על חאן ירושלמי	בן גוריון עשה את על חאן ירושלמי
common_voice_he_40978567	ישיבה התקיים רציפות עד גמר הצבעה	ישיבה התקיים רציפות עד גמר הצבעה
common_voice_he_40978573	תוכנית כלכלי הונח כאן עומד קריאה שנייה שלושה	תוכנית כלכלי הונח כאן עומד קריאה שנייה שלושה
common_voice_he_40978575	נכון חלק זה הוא חלק מדאיג	נכון חלק זה הוא חלק מדאיג
common_voice_he_40978592	מתוך רצון הבריח הוא מוצא תקציב למרות קיצוץ	מתוך רצון הבריח הוא מוצא תקציב למרות קיצוץ
common_voice_he_40978609	אם היי תור יום הגיש אי אמון	אם היי טוב יום הגיש אי אמון
common_voice_he_38195450	ספר יוסי אמר אבישי	ספר יוסי אמר אבישי
common_voice_he_38195452	אין התכוון הביע צורה של חי עד עכשיו היית כבול	אין התכוון הביא צורה בו חי עד עכשיו היי כבול
common_voice_he_38195454	אם התגלה הרי מקום ירושלים לפי דעת לא ניו יורק	אם התגלה הרי מקום ירושלים לפי דעת לא ניו יורק
common_voice_he_38196114	אין חדר פנוי מחנה	אין חדר פנוי מחנה
common_voice_he_38196115	דרך אורך עבר	דרך עבר
common_voice_he_38196117	יום שמיים מאוד מעונן	יום שמיים מאוד
common_voice_he_38196118	אין יודע משום מה הקנה את את רגע	אין יודע משום מה הקנה את את רגע
common_voice_he_38196119	לו היי איש קבוצה אוכל כמו	לו היי איש קבוצה אוכל כמו
common_voice_he_38196120	פוגע צורה קשה איש קיבל הבטחה הכנסה	פוגע צורה קשה איש קיבל הבטחה הכנסה
common_voice_he_38196121	קואליציה טוען זה בזבוז זמן אני מתיש	קואליציה טוען זה בזבוז זמן אני מתיש
common_voice_he_38196122	כן זה חשוב יום אלה	כסף חשוב יום אלה
common_voice_he_38196123	מדוע פן כה רע	מדוע פנים נקרא
common_voice_he_38196124	מה זה מאה שמונה אחד אלף מובטל	זה מאה שמונה אחד אלף מובטל
common_voice_he_38196125	רק שאלה הוא אם נבחר פה דרך טוב	רק שאלה הוא אם נבחר פה דרך טוב
common_voice_he_38196126	קורא את עיתון נמלא לב ייאוש	קורא את עיתון נמלא לב ייאוש
common_voice_he_40909678	עיכוב פירעון חוב עיכוב מתן מכתב	עיכוב פירעון חוב עיכוב מתן מכתב
common_voice_he_40909679	המשך הגיש תלונה נגדי נגד משפחה מקומי בגין תקיפה	המשך הגיש תלונה נגדי נגד משפחה מקומי בגין תקיפה
common_voice_he_40909680	למה אני צריך נכנס דבר אני לא יודע איך יצא מן	למה אני צריך נכנס דבר אני לא יודע איך יצא מן
common_voice_he_40909681	לא חשב מסגרת זה נעשה כן	לא חשב מסגרת זה נעשה כן
common_voice_he_40909682	כי לפעמים נזק הוא עצום תביעה הוא מיליון	כי לפעמים נזק הוא עצום תהייה הוא מיליון
common_voice_he_40909688	הוא התנהג כך זמן הכנה תוכנית כלכלי	הוא התנהג כך זמן הכנה תוכנית כלכלי
common_voice_he_40909689	אני פונה אריק שרון הפנה אהוד יתום גלעד ארד	אני פונה רק שרון הפנה אהוד יתום גלעד ארד
common_voice_he_40909690	אני כבר הבין כמה הוא הרסני	אני כבר הבין כמה
common_voice_he_40909691	אני חושב עמד פה הכללה	אני חושב עמד פה הכללה
common_voice_he_40909692	לנוכח גל התייקרות צפוי משק שנה אלף שנים עשרה	לנוכח גל התייקרות צפוי משק שנה אלף שנים עשרה
common_voice_he_40909693	כי חייב יכולת עמד תשלום נפסק	כי חייב יכולת עמד תשלום נפסק
common_voice_he_40909694	גם בגין תלונה זה נפתח חקירה	גם בגין תלונה זה נפתח חקירה
common_voice_he_40909695	הרי מי הכי סובל עניין דיור	הרי מי הכי סבל עניין דיור
common_voice_he_40909696	לא נותן שירות רפואי רק מי משלם כסף	לא נותן שירות רפואי רק מי משלם כסף
common_voice_he_40909697	אני מקווה מהר מאוד נתן תקווה תושב כפר שלם	אני מקווה מהר מאוד נתן תקווה תושב כפר שלם
common_voice_he_40909699	חשיבות הסטורי לאומי תרבותי גם חינוכית	חשיבות הסטורי לאומי תרבותי גם חינוכית
common_voice_he_40909700	לא תעסוקה לא תקווה לא חזון	לא תעסוקה לא תקווה לא חזון
common_voice_he_40909701	עוד שבוע עוד מאה חמישים אלף מנה	עוד שבוע עוד מאה חמישים אלף מנה
common_voice_he_40909702	בעלות כלול גם סכום שכר גבוה משק	בעלות כלול גם סכום שכר גבוה משק
common_voice_he_41616575	עוול הוא מביא לא מתאמץ קלט ארץ כמו צריך	עוול הוא מביא לא מתאמץ קלט ארץ כמו צריך
common_voice_he_41616579	כן אין שואל נוסף לא מפלגה אחר	כן אין שואל נוסף לא מפלגה אחר
common_voice_he_41616580	חלק עיצום הוא לא ביצע תיקון יישוב ערבי	חלק עיצום הוא לא ביצע תיקון יישוב ערבי
common_voice_he_41616584	הוא יכולת ביקר מעשה הוא לא יכולת ביקר איש הכללה	הוא יכולת ביקר מעשה הוא לא יכולת ביקר איש הכללה
common_voice_he_41616601	הוא היפ הופ אנד בלוז מוזיקה אלקטרוני	הוא היפ הופ אנד בלוז מוזיקה אלקטרוני
common_voice_he_41616602	ישיבה אלה נדון בקשה של נציגות סגל זוטר	ישיבה אלה נדון בקשה של נציגות סגל זוטר
common_voice_he_41616604	לא רק יהודי הוא ילד בשביל	לא רק יהודי הוא ילד בשביל
common_voice_he_41616612	נבדק מי איש מתקבל מי איש לא מתקבל	נבדק מי איש מתקבל מי איש לא מתקבל
common_voice_he_41616613	אני בתור ירושלמי צריך הגן על ירושלים	אני בתור ירושלמי צריך הגן על ירושלים
common_voice_he_41616614	דחייה הנחה מס הכנסה לא פיצה על זה	דחייה הנחה מס הכנסה לא פיצה על זה
common_voice_he_41616616	יצא איזה בשורה גם נושא דיור	יצא זה בשורה גם נושא דיור
common_voice_he_41616617	אני אישי לא רפורמי לא	אני אישי לא רפורמי לא
common_voice_he_41616619	באמת התמודד כאן זירה רעיון עניין	באמת התמודד כאן זירה רעיון עניין
common_voice_he_41616625	התחרה גוגל רכישה שווי אסטרונומי של מיליארד	מיקרוסופט התחרה גוגל רכישה גיטה שווי אסטרונומי של מיליארד
common_voice_he_41616629	שיפור זה תרם שמירה יציבות אי שוויון עוני לפי הכנסה כלכלי	שיפור זה תרם שמירה יציבות אי שוויון עוני לפי הכנסה כלכלי
common_voice_he_41616635	כדי יודע איפה אני עומד הראה איך אני צריך טיפל סוגיה זה	כדי יודע איפה אני עומד הראה איך אני צריך טיפל סוגיה זה
common_voice_he_41616636	נכון התחולל שינוי מפליג מזרח תיכון	נכון התחולל שינוי מפליג מזרח תיכון
common_voice_he_41616637	אומר יש עולם נעורים היכן נעורים	אומר יש עולם נעורים היכן נעורים
common_voice_he_41616638	אפשר דיון שם היי דיון פתוח	אפשר דיון שם היי דיון פתוח
common_voice_he_41616640	אני ניסה הסביר גם למה כמו הוא אמר	אני ניסה הסביר גם למה כמו הוא אמר
common_voice_he_41616642	הרי אני לא רובוט כמו קואליציה	הרי אני לא רובוט כמו קואליציה
common_voice_he_41616643	אני לא אומר לא אבל אם אני הולך תהליך זה	אני לא אומר לא אבל אם אני הולך תהליך זה
common_voice_he_41616644	במשך שעה אין כאן הצבעה שמי	במשך שעה אין כאן הצבעה שמי
common_voice_he_41616655	מגיע בית ספר למה הוא מגיע	מגיע בית ספר למה הוא מגיע
common_voice_he_41616656	ארץ עובד פחות איש מה שעבד עבר	ארץ עובד פחות איש מה שעבד עבר
common_voice_he_41616667	בירה זה השקה אלכוהולי אפשר נמצא בר או פאב	בירה זה השקה אלכוהולי אפשר נמצא בר או פאב
common_voice_he_41616687	אז הגיד איך אפשר יצא עזה	אז הגיד איך אפשר יצא עזה
common_voice_he_41616688	לפעמים ארבעה או חמישה או שש	לפעמים ארבעה או חמישה או שש
common_voice_he_41616697	מכיוון הראה גם אם לא התקדם שלושה אחד יולי הולך פיטר מאה עובד	מכיוון הראה גם אם לא התקדם ב שלושה אחד יולי הולך פיטר מאה עובד
common_voice_he_41616704	עוקב הגיד מתי הוא הלכה איך הוא בא	יעקב הגיד מתי הוא הלכה איך הוא בא
common_voice_he_41616707	אני שמח אתמול לילה ביקור פתע	אני שמח אתמול לילה ביקור פתע
common_voice_he_41616718	אני נמצא איזה רגע נדיר מהלך זה	אני נמצא איזה רגע נדיר מהלך זה
common_voice_he_41616728	פגישה ישיבה שבו נוטל חלק כל גורם קשור הפקה אירוע כה מורכב סבוך	פגישה ישיבה שבו נוטל חלק כל גורם קשור הפקה אירוע כה מורכב סבוך
common_voice_he_41616729	הצבעה אחרון היי נגד הוא לא נקלט	הצבעה אחרון היי נגד הוא לא נקלט
common_voice_he_41616730	גם בחינה קו יסוד גם בחינה פילוסופיה	גם בחינה קו יסוד גם בחינה פילוסופיה
common_voice_he_41616731	אני מוכן רצח אלף חמישה מאה בן אדם ללא הבדל גזע	אני מוכן רצח אלף חמישה מאה בן אדם ללא הבדל גזע
common_voice_he_41616740	קבוצה סיעה קדימה קבוצה סיעה חדש	קבוצה סיעה קדימה קבוצה סיעה חדש
common_voice_he_41616743	אולי הוא כולל המון נטף	אולי הוא כולל המון נטף
common_voice_he_41616745	שמע עיראק נהרג חדש חמישה מאה איש	שמע עיראק נהרג חדש חמישה מאה איש
common_voice_he_41616748	חזרה דרך דם דרך כוח פורענות	חזרה דרך דם דרך כוח פורענות
common_voice_he_41616756	אתמול התקיים מפגש ירדן חסות	אתמול התקיים מפגש ירדן חסות
common_voice_he_41616757	בעיה אחר הוזכר תוכנית מפורט משרד בריאות	בעיה אחר הוזכר תוכנית מפורט משרד בריאות
common_voice_he_41616758	עמיתי רע ועדה כלכלה דואג שכבה מצוקה	אמתי רע ועדה כלכלה דואג שכבה מצוקה
common_voice_he_41616760	מה שמע מה קיבל החלטה של בית משפט	מה שמע מה קיבל החלטה של בית משפט
common_voice_he_41616761	מוזיקה אומנות פלסטי מחול ספרות שירה	מוזיקה אומנות פלסטי מחול ספרות שירה
common_voice_he_41616762	אז אני אומר הצעה הוא הצעה	אז אני אומר הצעה הוא הצעה
common_voice_he_41616770	שדרה רחמנא ליצלן אולי אפשר להם פעם תשובה	שדרה רחמנא ליצלן אולי אפשר להם פעם תשובה
common_voice_he_41616772	כאשר חזרה ראשון ציונות אל רעיון ציוני	כאשר חזרה ראשון ציונות אל רעיון ציוני
common_voice_he_41616788	ראשון ציון אשדוד שילם פחות ירושלים	ראשון ציון אשדוד שילם פחות ירושלים
common_voice_he_41616790	אני מוכן לימד את את היסטוריה של נגב	אני מוכן לימד את את היסטוריה של נגב
common_voice_he_41616792	רציני חשוב אפילו הוצא תוכנית כלכלי	רציני חשוב אפילו הוצא תוכנית כלכלי
common_voice_he_41616807	הוא אמר אני לא השתתף מערכה בחירה	הוא אמר אני לא השתתף מערכה בחירה
common_voice_he_41616808	למה לא הלך לישון	למה לא הלך לישון
common_voice_he_41616809	אני רגע משאיר מה לא קשור דוח	אני רגע משאיר מה לא קשור דוח
common_voice_he_41616811	עקרונית אם אישה ביקש סיים היריון	עקרונית אם אישה ביקש סיים היריון
common_voice_he_41486343	אני מעדיף זה נעשה מתוך הבנה	אני מעדיף זה נעשה מתוך הבנה
common_voice_he_41486344	כמו כבר דובר עקר מס עקיף	כמו כבר דובר עקר מס עקיף
common_voice_he_41486345	שעה חמישה נפתח ישיבה מיוחד זכר של יצחק רבין	שעה חמישה נפתח ישיבה מיוחד זכר של יצחק רבין
common_voice_he_41486346	אקמול צינון עם קוקטייל של הורדה חום	אקמול צינון עם קוקטייל של הורדה חום
common_voice_he_41486347	לוחש אומר קואליציה סיעה קואליציה סיעה	לוחש אומר קואליציה סיעה קואליציה סיעה
common_voice_he_41486353	לא רק מטרה מטרה כלכלי	לא רק מטרה מטרה כלכלי
common_voice_he_41486354	אבל אין בעיה התאכזב גם מן	אבל אין בעיה התאכזב גם מן
common_voice_he_41486355	כי מת נפש עם פלשתי זה מול אויב	כי מת נפש עם פלשתי זה מול אויב
common_voice_he_41486356	הוא יהודי מה נקרא שפה	הוא יהודי מה נקרא שפה אובד
common_voice_he_41486357	שרפרף גבוה יכול שימש גם שולחן	שרפרף גבוה יכול שימש גם שולחן
common_voice_he_41486358	אופן מבוקר אופן סדיר אופן	אופן מבוקר אופן סדיר אופן
common_voice_he_41486359	אם אני מקבל מכתב כסדר	אם אני מקבל מכתב כסדר
common_voice_he_41486360	אני לא יודע אם אני הצטרף קואליציה חדש	אני לא יודע אם אני הצטרף קואליציה חדש
common_voice_he_41486361	אלטרנטיבה הוא ברור אני נקלע הידרדרות	אלטרנטיבה הוא ברור אני נקלע הידרדרות
common_voice_he_41486362	עטרה זקן בן בן בן אב	עטרה זקן בן בן בן אב
common_voice_he_41486368	כמה עוול מוצר זה	כמה עוול מוצר זה
common_voice_he_41486369	כי תום חמישה דקה צלצול אני הצביע	כי תום חמישה דקה צלצול אני הצביע
common_voice_he_41486370	מישור דיון הוא מה קורה מאבק פוליטי	מישור דיון הוא מה קורה מאבק פוליטי
common_voice_he_41486371	אבל הרבה איש ימין דווקא חושב כך	אבל הרבה איש ימין דווקא חושב כך
common_voice_he_41486372	קיים דיאלוג פתוח העמיק אשר אפשר הוא הבריא פצע נותר פתוח עשרה שנה	קיים דיאלוג פתוח העמיק אשר אפשר הוא הבריא פצע נותר פתוח עשרה שנה
common_voice_he_41486373	הודיע חברה אופנה ישראלי רנואר אילוז הוא מוזיקלי חדש של	הודיע חברה אופנה ישראלי רנואר אילוז הוא מוזיקלי חדש של
common_voice_he_41486374	כפל אגרה עשרה שלושה אלף שקל	כפל אגרה עשרה שלושה אלף שקל
common_voice_he_41486375	זה שפל מדרגה לא רק מוסר	חזה שפל מדרגה לא רק מוסר
common_voice_he_41486376	כי אם יש אחרית כהונה לא נכרת	כי אם יש אחרית תקווה לא נכרת
common_voice_he_41486377	זה נותן תעסוקה ללא מעט איש	זה נותן תעסוקה ללא מעט איש
common_voice_he_41486383	אני נכנס חנות ספר אני קונה ספר בודד	אני נכנס חנות ספר אני קונה ספר בודד
common_voice_he_41486384	בנק הגיד אני מוכן הסדיר זה עצם	בנק הגיד אני מוכן הסדיר זה עצם
common_voice_he_41486385	כי אוי אבוי אם נפגע אחד אלמנט דתי על מורכב ירושלים	כי אוי אבוי אם נפגע אחד אלמנט דתי על מורכב ירושלים
common_voice_he_41486386	זה קצבה יחידה יכולת קיבל	זה קצבה יחידה יכולת קיבל
common_voice_he_41486387	כי אדם חי הגיד קצבה ביטוח לאומי הוא שוכר דירה שוק חופשי	כי אדם חי הגיד קצבה ביטוח לאומי הוא שוכר דירה שוק חופשי
common_voice_he_41605155	אפילו אויב כבר לא מבוצר מאחורי שלושה קו הגנה סורי	אפילו אויב כבר לא מבוצר מאחורי שלושה קו הגנה סור
common_voice_he_41605156	שבוע קיבל מכתב הזדעזע שמע איש	שבוע קיבל מכתב הזדעזע שמע איש
common_voice_he_41605157	עטרה שיבה דרך צדקה נמצא	עטרה שיבה דרך צדקה נמצא
common_voice_he_41605158	יצא מערה שמש היי כול כך חזק לא יכולת נשם	יצא מערה שמש היי כול כך חזק לא יכולת נשם
common_voice_he_41605159	שינוי שיפור משמעותי טוב חייל מילוא	שינוי שיפור משמעותי טוב חייל מילוא
common_voice_he_41605160	דעת יש בזה פתיחה פתח הרבה עתירה	דעת יש בזה פתיחה פתח הרבה עתירה
common_voice_he_41605161	פעולה התכוון לו לא הוציא פועל	פעולה התכוון לו לא יצא פועל
common_voice_he_41605162	אולי באמת התחיל נתון לא קל נושא זה	אולי באמת התחיל נתון לא קל נושא זה
common_voice_he_41605163	לא מוסיף שיפור מצב מחיר ברזל	לא מוסיף שיפור מצב מחיר ברזל
common_voice_he_41605164	לפני שלושה שבוע אני קיים דיון ועדה מעמד אישה	לפני שלושה שבוע אני קיים דיון ועדה מעמד אישה
common_voice_he_41605165	אני או או סמל	אני או רב או סמל
common_voice_he_41605168	הרי זה צריך נתן אולי תשובה יותר נכון תקציב בא	הרי זה צריך נתן אולי תשובה יותר נכון תקציב בא
common_voice_he_41605169	אם משל העביר אדמה תושב ערבי זה ציוני או לא ציוני	אם משל העביר אדמה תושב ערבי זה ציוני או לא ציוני
common_voice_he_41605170	כך חלק פער תוקן הלכה למעשה	כך חלק פער תוקן הלכה למעשה
common_voice_he_41605171	בוקע אלימות סוג מקצת תואר דרך מקרה פרטי	בוקע אלימות סוג מקצת תואר דרך מקרה פרטי
common_voice_he_41605172	קוקטייל תרופה יכול הביא שיפור אפקטיביות של טיפול מונע דיכאון	קוקטייל תרופה יכול הביא שיפור אפקטיביות של טיפול מונה דיכאון
common_voice_he_41605173	הפחתה הסתכם עשרה שלושה אגורה הוא נכנס תוקף אמש חצות	הפחתה הסתכם בכ עשרה שלושה אגורה הוא נכנס תוקף אמש חצות
common_voice_he_41605176	הוא העסיק עובד זר לא חוקי	הוא העסיק עובד זר לא חוקי
common_voice_he_41605177	התגלה סגולה מארג נחשף אט אט יופי תואר	התגלה סגולה מארג נחשף אט אט יופי תואר
common_voice_he_41605178	סמל אין זר תבונה	סמל אין זר תבונה
common_voice_he_41605179	זה בל אפשרי גם בחינה בעלות קרקע גם בחינה	זה בל אפשרי גם בחינה בעלות קרקע גם בחינה
common_voice_he_41605180	אני מזהיר מפני סכנה חפירה מתבצע אחרון מתחת מסגד אל אקצא ארך רשת מנהרה	אני מזהיר מפני סכנה חפירה מתבצע אחרון מתחת מסגד אל אקצא ארך רשת מנהרה
common_voice_he_41605181	מי בונה נדנדה הוא צד חלש	מי בונה נדנדה הוא צד חלש
common_voice_he_41605183	פתרון מועדף הוא חינוך חינם גיל רך	פתרון מועדף הוא חינוך חינם גיל רך
common_voice_he_41605184	נשאר שם מעקב הועלה דיון רק עת צורך	נשאר שם מעקב הועלה דיון רק עת צורך
common_voice_he_41605185	הרבה אנטנה קטן או אנטנה אחד גדול	הרבה אנטנה קטן או אנטנה אחד גדול
common_voice_he_41605186	אם דגם זה עבר עיר אחר	עם דגם זה עבר עיר אחר
common_voice_he_41605188	אלא שימור מרכז כוח מסוים מערכה שלטון	אלא שימור מרכז כוח מסוים מערכה שלטון
common_voice_he_41605190	אני בעד חיזוק מזרח ירושלים כול כל מקום שבו נמצא	אני בעד חיזוק מזרח ירושלים כול כל מקום שבו נמצא
common_voice_he_41605191	אז איך הייתי יכולת שילם עבור טיפול חרדה	אז איך הייתי יכולת שילם עבור טיפול חרדה
common_voice_he_41605192	כי פארק תעשייה קיסריה נבנה שטח ללא שיפוט	כי פארק תעשייה קיסריה נבנה שטח ללא שיפוט
common_voice_he_41605193	פרט עבירה מין גם עניין אלימות	פרט עבירה מין גם עניין אלימות
common_voice_he_41605194	מופתי זה עכשיו דיבר נגד	מופתי זה עכשיו דיבר נגד
common_voice_he_41605195	הבין גם ועדה חינוך הולך התכנס דיון	הבין גם ועדה חינוך הולך התכנס דיון
common_voice_he_41605196	כדי בבוא עת כאשר התברר עובדה	כדי בבוא עת כאשר התברר עובדה
common_voice_he_41605197	נובמבר לפעמים מחסן גם חודש דצמבר	נובמבר לפעמים מחסן גם חודש דצמבר
common_voice_he_41605199	כבר מזמן הפסיק נשמע היסטוריה אנושי	כבר מזמן הפסיק נשמע היסטוריה אנושי
common_voice_he_41605200	כי אי אפשר גמר עם אי אפשר הכניע עם שלם כח כדור רצח הרג	כי אי אפשר גמר עם אי אפשר הכניע עם שלם כח כדור רצח הרג
common_voice_he_41605201	תוצאה פיצוץ נפצע אורח בינוני	תוצאה פיצוץ נפצע אורך בינוני
common_voice_he_41605202	עם איזה יוזמה חדש מטרה אחד	עם איזה יוזמה חדש מטרה אחד
common_voice_he_41605203	אני סבור נושא העלה שלל קושי	אני סבור נושא העלה שלל קושי
common_voice_he_41605204	הנהיג לובי מועמר קדאפי ידוע עמדה	הנהיג לובי מועמר קדאפי ידוע עמדה
common_voice_he_41605205	מחיר עדיין גבוה לוקח זמן טיפל בזה	מחיר עדיין גבוה לוקח זמן טיפל בזה
common_voice_he_41605206	לא בא גוי זר חלק אדמה	לא בא גוי זר חלק אדמה
common_voice_he_41605208	אני הניח גם הוסר ספק לגבי הצבעה ידני עתיד קרוב	אני הניח גם הוסר ספק לגבי הצבעה ידני עתיד קרוב
common_voice_he_41605209	גם הוא הוא לא נוטל עוד חלק	גם הוא הוא לא נטל עוד חלק
common_voice_he_41605211	אז ירושלים שואל צדק למה לא אני	אז ירושלים שואל צדק למה לא אני
common_voice_he_41605212	צמצום מגזר הקטנה נטל מס	צמצום מגזר הקטנה נטל מס
common_voice_he_41605213	דרך כלל אומר מה מציע מציע	דרך כלל אומר מה מציע מציע
common_voice_he_41605214	לב יודע מר נפש שמחה לא התערב זר	לב יודע מר נפש שמחה לא התערב זר
common_voice_he_39326813	אפרים רוצה אני הגיד משהו	אפרים רוצה אני הגיד משהו
common_voice_he_39326815	משום עניין מן סוג זה אין שמש גבעון דום ירח עמק אילון	משום עניין מן סוג זה אין שמש גבעון דום ירח עמק אילון
common_voice_he_39326816	לא יודע מה נעשה	לא יודע מה נעשה
common_voice_he_39326817	ראה כול חי לקראת יום זה יום אחד כל חורף	ראה כול חי לקראת יום זה יום אחד כל חורף
common_voice_he_39326818	ייתכן אמונה כול זה עמוק	ייתכן אמונה כול זה עמוק
common_voice_he_39326825	אין רואה כלל את בחור	אין רואה כלל את בחור
common_voice_he_39326826	עתה אין לי כלום עולם אין לי דבר	אני אין לי כלום עולם אין לי דבר
common_voice_he_39326827	לפני שבוע גילה לוח אבן חקוק על כתב הרשים של מקדש	לפני שבוע גילה לוח אבן חקוק על כתב הרשים של מקדש
common_voice_he_39326828	אין נחקק אופן חוקתי אשר עת קרוב הוא הזוי	אין נחקק אופן חוקתי אשר עת קרוב הוא הזוי
common_voice_he_39326830	אני סיים עוד תוכנית ריאלי	אני סיים עוד תוכנית ריאלי
common_voice_he_39326852	התחיל רכיבה מלוא הובן מילה	התחיל רכיבה מלוא הובן מילה
common_voice_he_39326853	יהודי הוא יהודי קיבל תורה מקיים מצווה	יהודי הוא יהודי קיבל תורה מקיים מצווה
common_voice_he_39326854	זמן רב לא כתב	זמן רב לא כתב
common_voice_he_39326855	מורה חשב כי הרג את מחלקה	מורה חשב כי הרג את מחלקה
common_voice_he_39326856	בוא אחרי חפירה כול משתגע שמחה	בוא אחרי חפירה כול משתגע שמחה
common_voice_he_39326862	זר אני איש אולם קרוב אני אדמה	זר אני איש אולם קרוב אני אדמה
common_voice_he_39326863	אבל לפעמים אני חושב היי יכולת ניצל שנה זה לימוד יותר חשוב	אבל לפעמים אני חושב היי יכולת ניצל שנה זה לימוד יותר חשוב
common_voice_he_39326864	נתן לו דיבר כול רוח	נתן לו דיבר כול רוח
common_voice_he_39326865	אין מילה פה הסיר את הרגשה עורר בי דרך אוטובוס עמק	אין מילה פה הסיר את רגש עורר בי דרך אוטובוס עמק
common_voice_he_39326866	בעיה הקשה הוא הוא שחקן חזק יותר	בעיה הקשה הוא הוא שחקן חזק יותר
common_voice_he_39327003	נמנע ספין פוליטי שינוי שיטה ממשל	נמנע ספין פוליטי שינוי שיטה ממשל
common_voice_he_39327004	אין הוא יכול חיכה יותר	אין הוא יכול חיכה יותר
common_voice_he_39327005	הרי אין דוגמה אחד עולם כך זמן מיתון הורדה מס ייצר צמיחה	הרי אין דוגמה אחד עולם כך זמן מיתון הורדה מס ייצר צמיחה
common_voice_he_39327006	כל אח משפחה נראה כמו תאום אחד של שני	כל אח משפחה נראה כמו תאום אחד של שני
common_voice_he_39327007	מה קורה ספרד מה קורה	מה קורה ספרד מה קורה
common_voice_he_39327020	זה קושי יחידי יחידי כן סבור אני	זה קושי יחידי יחידי כן סבור אני
common_voice_he_39327022	אולי הלכה עשה איזה טיול קצר נחל	אולי הלכה עשה איזה טיול קצר נחל
common_voice_he_39327024	לי לא שיחק מזל אמריקה כלום אני יודע עם מי הנה דיבר	לי לא שיחק מזל אמריקה כלום אני יודע עם מין דיבר
common_voice_he_39327025	כאשר עמד מול יתרון כמות נשק חייל	כאשר עמד מול יתרון כמות נשק חייל
common_voice_he_39327027	אני רוצה אפשר פלסטיני חופש פולחן הר בית	אני רוצה אפשר פלסטיני חופש פולחן הר בית
common_voice_he_39327033	זה אירוע	זה אירוע
common_voice_he_39327038	אך איש לא הפנה מבט אל עבר	אך איש לא הפנה מבט אל עבר
common_voice_he_39327040	כל שנה הביא לו פרח יפהפה	כל שנה הביא לו פרח יפהפה
common_voice_he_39327041	מן טבריה עיר עד דרך צדדי מתרומם בין הר בתוך שכן כפר	מן טבריה עיר עד דרך צדדי מתרומם בין עיר בתוך שכן כפר
common_voice_he_39327047	הוא הוביל את צד נהר שקט	הוא הוביל את צד נהר שקט
common_voice_he_39327048	מפני רגע זה אני פוחד מאוד הודה אני גלוי	מפני רגע זה אני פוחד מאוד הודה אני גלוי
common_voice_he_39327049	בוא את בא את	בוא את בוא את
common_voice_he_39327050	שלושה עשרה מועצה מקומי ארבעה עירייה	שלושה עשרה מועצה מקומי ארבעה עירייה
common_voice_he_39327051	תוכנית זה עדיין לא נכנס כלל תוקף	תוכנית זה עדיין לא נכנס כלל תוקף
common_voice_he_39327063	זורח עוד כוכב	זורח עוד כוכב
common_voice_he_39327065	אני צריך הבין כי אין איש מחפש יהלום שאר בן אדם	אני צריך הבין כי אין איש מחפש יהלום שאר בן אדם
common_voice_he_39327066	פתאום כול יד אחד מגרד את חזה שואל מה שעה	פתאום כול יד אחד מגרד את חזה שואל מה שעה
common_voice_he_39327068	אין גוי ארץ ישראל אמר אמנון אין אני מפחד מפני גוי	אין גוי ארץ ישראל אמר אמנון אין אני מפחד מפני גוי
common_voice_he_39327081	אני רוצה סיפר דוגמה מכתב הונח על שולחני יום	אני רוצה סיפר דוגמה מכתב הונח על שולחני יום
common_voice_he_39327082	אני אומר תמיד לא זה אמת	אני אומר את תמיד לא זה אמת
common_voice_he_39327084	מכיוון אני כותב יומן יומן מתאים כתב על עניין בחור כתב חדשה	מכיוון אני כותב את יומן יומן מתאים כתב על עניין בחור כתב חדשה
common_voice_he_39327085	כי הוא קיים היקף רחב יותר	כי הוא קיים היקף רחב יותר
common_voice_he_39327091	אפילו לי אני רק חודש אחד חי צורה זה	אפילו לי אני רק חודש אחד חי צורה זה
common_voice_he_39327092	הבהיר כוונה הוא ייצר מסגרת קבוע	הבהיר כוונה הוא ייצר מסגרת קבוע
common_voice_he_39327093	כן חיפש יהלום	כן חיפש יהלום
common_voice_he_39327094	חדר מים בו ארבעה מקום	חדר מים בו ארבעה מקום
common_voice_he_39327095	כל לילה ישב בתוך יער הוסיף סיפר	כל לילה ישב בתוך יער הוסיף יוסי לי סיפר
common_voice_he_39327096	יש חכם נשמר סמל	יש חכם נשמר סמל
common_voice_he_39327097	זה כמעט נכון הוא תמיד חייתי בין יהודי	זה כמעט נכון הוא תמיד חייתי בין יהודי
common_voice_he_39327098	אתמול היי בית חנוכה חדר קריאה	אתמול היי בית חנוכה חדר קריאה
common_voice_he_39327099	נכנס מסעדה נאכל שם ארוחה בוקר	נכנס מסעדה נאכל שם ארוחה בוקר
common_voice_he_39327100	לדני נקרא דין דין דן	לדני נקרא דין דין דן
common_voice_he_39327103	מורה יוצא מחוץ עיר מחפש	מורה יוצא מחוץ עיר מחפש
common_voice_he_39327105	הוא פגע רק בשר עור אשר על מוצק היי	הוא פגע רק בשר עור אשר על מוצק היי
common_voice_he_39327107	זה אושר גדול הראה את	זה אושר גדול הראה את
common_voice_he_39327109	מה בשורה תחת שמיים	מה בשורה תחת שמיים
common_voice_he_39327110	היקף שטח פתוח בה קטן הרבה סטנדרט בין לאומי קיים	היקף שטח פתוח בה קטן הרבה סטנדרט בינלאומי קיים
common_voice_he_39327112	הרי דיבר שפה סוס	הרי הוא דיבר שפה סוס
common_voice_he_39327118	אין אני בטוח כול עיקר ראוי אני כך	אין אני בטוח כול עיקר ראוי אני כך
common_voice_he_39327119	כל מחלקה חייב ניגש מרץ עבודה השתדל כל כוחה הגדיל את חלק	כל מחלקה חייב ניגש מרץ עבודה השתדל כל כוחה הגדיל את חלק
common_voice_he_39327120	נשימה אחד כמו פרה	נשימה אחד כמו פרה
common_voice_he_39327121	סיפר אני בת דוד רוצה נסע בית	סיפר אני בת דוד רוצה נסע בית
common_voice_he_39327123	עם כל זה הוא כותב מאמר רק זה עניין את	עם כל זה הוא כותב מאמר רק זה עניין את
common_voice_he_39327124	יוצא כאן שוב נשאר לבד	יוצא כאן שוב נשאר לבד
common_voice_he_39327125	ביקש ציין כי מקרה התאים נבחן גם אפשרות עתר מעצר ממש עד תום הליך	ביקש ציין כי מקרה התאים נבחן גם אפשרות עתר מעצר ממש עד תום הליך
common_voice_he_39327126	חיפש את לוח	חיפש את לוח
common_voice_he_39327137	אין רוצה אין יכול	אין רוצה אין יכול
common_voice_he_39327138	אם הסכים הרי מוכן עשה קור קצר חדר	אם הסכים הרי מוכן עשה ביקור קצר חדר
common_voice_he_39327139	מה היי לי לו יכולת האמין	מה היי לי לו יכולת האמין
common_voice_he_39327140	כל שאר אין לא כלום לעומת קושי זה	כל שאר אין לא כלום לעומת קושי זה
common_voice_he_39327141	כל מה טיפח עומק לב שנה אחרון אין לו עדיין יסוד איתן	כל מה טיפח עומק לב שנה אחרון אין לו עדיין יסוד איתן
common_voice_he_39327147	גם כי לא יסור מן	גם כי לא יסור מן
common_voice_he_39327148	יש לי הרבה מה נאמר הקשר של את נושא הופקד בידי משטרה ישראל	יש לי הרבה מה נאמר הקשר של את נושא הופקד בידי משטרה ישראל
common_voice_he_39327151	ארץ על יד חי אלה עמד נבנה	ארץ על יד חי אלה עמד נבנה
common_voice_he_39327152	הובן לא בין יהודי אלה חופשיים עמל שקט דעת גם אושר	הובן לא בין יהודי אלה חופש עמל שקט דעת גם אושר
common_voice_he_39327181	כך כול פעם יש איזה שינוי	כך כול פעם יש איזה שינוי
common_voice_he_39327182	שעה כעת הוא שניים חצי לאחר חצות	שעה כעת הוא שניים חצי לאחר חצות
common_voice_he_39327183	מול ארגז גזרה מיושן זה עכשיו הטיל פתח	מול ארגז גזרה מיושן זה עכשיו פתח
common_voice_he_39327184	יפה מאוד	יפה מאוד
common_voice_he_39327185	רק עמד עין פקוח מזהיר פה אין פוסק מלמל	רק עמד עין פקוח מזהיר פה אין פוסק מלמל
common_voice_he_39327196	באמת הלכה לא יודע לאן	באמת הלכה לא יודע לאן
common_voice_he_39327197	תהליך חינוכי הפחתה אלימות הוא מאמץ יומיומי מתמשך ארוך טווח	תהליך חינוכי הפחתה אלימות הוא מאמץ יומיומי מתמשך ארוך טווח
common_voice_he_39327198	לא זכר בן ישראל את יהוה אלוהים הציל את יד כל איב סביב	לא זכר בן ישראל את את אלוהים הציל את יד כל אויב סביב
common_voice_he_39327199	כלבה הביא לאור עולם שנה גור	כלבה הביא לאור עולם שנה איגור
common_voice_he_39327200	עת רחמים בין שמש	עת רחמים בין שמש
common_voice_he_39327214	במקום לקח גדר ביטחוני מקום הפריד עוצר	במקום לקח גדר ביטחוני מקום הפריד עוצר
common_voice_he_39327215	אומר אהבה יש עולם מה זה אהבה	אומר אהבה יש עולם מה זה אהבה
common_voice_he_39327216	אם השערה של נכון הוא הרי מציע את עצם עזרה	אם השערה של נכון הוא הרי מציע את עצם עזרה
common_voice_he_39327217	אם לא גמלה על את חסד	אם לא גמלה על את חסד
common_voice_he_39327218	היי לי אספה קצר כול הסכים הלך מורד	היי לי אספה קצר כול הסכים הלך מורד
common_voice_he_39642806	מגיע תוצאה מגיע תוצאה טוב נפלא	מגיע תוצאה מגיע תוצאה טוב נפלא
common_voice_he_39642807	קריאה מכתב קיבל כאשר ביקר נצר	קריאה מכתב קיבל כאשר ביקר נצר
common_voice_he_39642808	חלק גדול מן לא נמצא כאן	חלק גדול מן לא נמצא כאן
common_voice_he_39642809	דין של ירושלים לא נחרץ על יד קבוצה פרובוקטיבי מתוסכל זה	דין של ירושלים לא נחרץ על יד קבוצה פרובוקטיבי מתוסכל זה
common_voice_he_39642810	לא רק שכבה חלש נפל בו סבל מן	לא רק שכבה חלש נפל בו נסוג מן
common_voice_he_39642811	זה לא התחיל זה לא גובה ארנונה	זה לא התחיל זה לא גובה ארנונה
common_voice_he_39642813	כי אם זה תלוי חלק יושב פה	כי אם זה תלוי חלק יושב פה
common_voice_he_39642814	אז יקרה משהו או לא יקרה משהו	אז יקרה משהו או לא יקרה משהו
common_voice_he_39642815	אז מה ציפה חשב לגבי זקן	אז מה ציפה חשב לגבי זקן
common_voice_he_39642817	אפילו כופר ערבי נופל קטגוריה זה הוצא רשימה	אפילו כופר ערבי נופל קטגוריה זה הוצא רשימה
common_voice_he_39642818	אבל הוא דיבר במשך דקה	אבל הוא דיבר במשך דקה
common_voice_he_39642819	אז יוזמה הקמה יחידה הוא מפואר	אז יוזמה הקמה יחידה הוא מפואר
common_voice_he_39884492	הרי הוא צמח ד באר	הרי הוא צמח ד באר
common_voice_he_38078769	רק לבנה כוכב האיר את דרך	רק לבנה כוכב האיר את דרך
common_voice_he_38078770	אף איש לא זז מקום	אף איש לא זז מקום
common_voice_he_38078771	יש פה חומר מגוון מאוד של ספר כי רוב איש הביא משהו	יש פה כומר מגוון מאוד של ספר כי רוב איש הבין משהו
common_voice_he_38078772	כמה צעיר אני	כמה צעיר אני
common_voice_he_38078773	כוכב שמיים זה עם זה סח	כאב שמיים זה עם זה סכין
common_voice_he_38078774	הו כמה קשה כתב עוד כול	או כמה קשה כתב עוד כול
common_voice_he_38078776	כי אחרי כול נקשר מקום איש במידה קשה תיאר שעה את נמצא בו	כי אחרי כול נקשר מקום איש במידה קשה שעה את מוצא
common_voice_he_38078777	אני אוהב את ארץ או יותר נכון אני רוצה אהבה	אני אוהב את ארץ יותר נכון אני רוצה הראה
common_voice_he_38078778	אני הייתי שם אמריקה של	אני הייתי שם אמריקה של
common_voice_he_38078779	היי זה יצירה עמוק מקורי יותר דור	היי זה ישיר עמוק מקורי יותר תהילה
common_voice_he_38078780	סוף של דבר לאחר שיבש דמעה הרגיש כל זה היטיב עשות	סוף של דבר לאחר שיבש דמעה הרגיש כל זה עשה
common_voice_he_38078781	אמר מורה איזה ילד הלך את בית	אמר מורה ילד הלך את בית
common_voice_he_38078782	למרות תאריך זה ראש שנה אזרחי אין קובל ארץ ראש שנה	למרות זה ראש שנה אזרחי אין קובל ארץ ראש שנה
common_voice_he_38078783	רוח צונן חד השתולל רחוב	רוח צור חטא השתולל
common_voice_he_38078784	משפחה הכנסה גבוה שילם מס על קצבה	משפחה הכנסה גבוה שילם מס על קצבה
common_voice_he_38078785	פה בית ספר כל מקום את חופש את אנושיות	הוא בית ספר כל מקום את חופש את אנושיות
common_voice_he_38078786	מוחק אחד מצייר אחר במקום	מוחק אחד מצייר אחר במקום
common_voice_he_38078787	חתול הבין לי לעולם אין ניזוק נפילה	חתול יודע לך לעולם אלה
common_voice_he_38085633	צמרת עץ נע עדינות רוח קריר	שמור עץ נע עדינות רוח קריר
common_voice_he_38085634	על עבודה חי יום יום אני כותב בית	על עבודה חי יום יום אני כותב בית
common_voice_he_38085635	קיר זה לבן מדי	קיר זה לבן מדי
common_voice_he_38085636	עם הר עמק עטוף דשא	אין הר עמק עטוף דשא
common_voice_he_38085637	יודע את זמן קרוב	את זמן
common_voice_he_38085643	עומד ירד גשם	עומד ירד גשם
common_voice_he_38085644	לפי דעת הרי חיפש איגרת זה	לפי דעת הרי חיפש יגאל את זה
common_voice_he_38085645	חזרה הראה חלון תחנה מרכזי את ‘ חטא עונש	החליק ראה חלון תקנה מרכזי את חטא
common_voice_he_38085646	של תבן חלון קטן	של שדה בל חלון קטן
common_voice_he_38085648	כלל יום אחרון השתלט פה מצב קשה	כלל יום אחרון השתלט מצב קשה
common_voice_he_38085649	אבל יחד עם זה אני רוצה התגבר על קושי המשיך דווקא	אבל יחד עם זה אני רוצה התגבר על קושי המשיך דווקא
common_voice_he_38085651	אין לי זה כבר היי שם	אין לו זה כבר היי שם
common_voice_he_38085652	נלחם בי יצר טוב יצר רע	נלחם בי יצר טוב יצר רע
common_voice_he_38085653	סבא היי דייג בן דייג טבע ים אחד סערה עז פגע בו	סבא היי דייג בין דייג טבע ים אחד סערה עז בא
common_voice_he_38085655	אבל כתב על מה כתב	אבל כתב על מה כתב
common_voice_he_38085657	הוא שתק כמו אבן רק עין גדול מהורהר הביט על	הוא שתק כמו אבן רק עין גדול הציץ הביט על
common_voice_he_38094116	כפר סיפר הוא חולה מאוד	כפר סיפר הוא חולה מאוד
common_voice_he_38094117	איש עניין נדיר כול כך	איש עניין גר כל כך
common_voice_he_38094118	אחד את יחידה טבעת ענקי כובל	אחד עד יחידה טבעת ענקי קובל
common_voice_he_38094124	הנה קר שמש סתו	כי הביט שמש
common_voice_he_38094125	אני רוצה קנה בגד יום שלושה	אני רוצה קנה בגד יום שלושה
common_voice_he_38094126	חלק לא משלם משכורת זה כמה חודש	חלק לא שלמות משכורת זה כמה חודש
common_voice_he_38094128	מה ערך של כסף	מה הערכה של כסף
common_voice_he_38104806	קפה של חמוץ אבל לא אופן מוגזם	קפה של חם אבל לא אופן מוגזם
common_voice_he_38104807	אגב נקרא לו כאן “ ציר איטלקי ”	אגב נקרא לו כאן ציר איטלקי
common_voice_he_38104808	לא נעים לי הגיד לכם את אמת	לא נעים לי הגיד לכם את אמת
common_voice_he_38104809	אין לו דפוס קבוע או נוסח אחד	אין דפוס תלוי או נוסח אחד
common_voice_he_38104821	הייתי רוצה הזמין סושי צמחוני יום ערב	הייתי רוצה הזמין סושי יום ערב
common_voice_he_38104823	ספר כתוב על נעשה אצל כלל פרט	ספר כתוב על נעשה אצל כלל פרט
common_voice_he_38104824	עם ילקוט על שכם ובו חבילה בגד	עם ילקוט על שכם ובו חבילה בגד
common_voice_he_38104831	שמיים בגד תכלת חדש יום חג	שמיים בגד תכלת חדש יום חג
common_voice_he_38104832	אני שוכנע רוב מכריע הוא הצביע ליכוד	אני שוכנע רוב מכריע הוא הצביע ליכוד
common_voice_he_38104834	חוץ משתולל רוח אימה לפרקים גם קצת	חוץ משתולל רוח איום לפרקים גם קצת
common_voice_he_38115877	תמיד רצתה רותי דעת מה עשו שאלה לא היי סוף	תמיד רצתה רותי דעת מי עשו שאלה לא היי סוף
common_voice_he_38115879	אבל את זמן בא איזה אדם בישר ילד נמצא עיר אחר	אבל את זמן בא על יד אדם בישל ילד נמצא עיר אחר
common_voice_he_38118859	כול תקווה לא התקלקל יובש כוס תה	כול תקווה לא התקלקל יובש כוס תה
common_voice_he_38118861	ירח מאוד בהיר לילה	ירח מאוד פול על
common_voice_he_38118862	אבל לרוב רגע אלה אין כותב	אבל לרוב רגע אלה אין כותב
common_voice_he_38118863	אל מיהר הלכה בית נוח קצת	אל לכי בית לא קצת
common_voice_he_38118866	אף פעם לא הבין למה שומשום יקר כל כך	אף פעם לא הבין למה גרשון יקר כל כך
common_voice_he_38118867	חסר מים לכלוך מבהיל זבוב על כול חול	חסר מים לכלוך הפעיל זבוב מים על חול חול
common_voice_he_38118868	אני צריכה התרגל זה	אני קל התרגל זה
common_voice_he_38118869	כעת בן	כעת בן שבת
common_voice_he_38118870	התקין תרנגולת החל שנה אחרון	התקין מלכודת החל התחשב שנה אחרון
common_voice_he_38118871	הובן פעם אין התנגד זריקה	הובן פעם אין התנגד
common_voice_he_38118873	ככה ממהר קיים מצווה נתן נדבה עני	ככה ממהר קיים מצווה נתן נדבה עני
common_voice_he_38118874	אז הייתהלך אנגלי דעת אין שפוי על	מיד אנגלי דעת אין שפוי על
common_voice_he_38118875	כול התחלה יש סוף של	כול התחלה יש סוף של
common_voice_he_38118876	נוח לו אדם נקבר עמוק אדמה אשר הלך מדינה ארור זה	נוח לו אדם נקבר עמוק אדמה אשר הלך מדינה ארור זה
common_voice_he_38118877	הוא נגוע אי צדק כלפי צד פלסטיני	אי נגוע אי צדק כלפי צד פלסטיני
common_voice_he_38118878	רוצה נהיה חופשית	רוצה נהיה חופשית
common_voice_he_38118879	אפילו גוי כפר של אוקראינה היי קובר עצם חי קנאה	אפילו גוי כפר של אוקראינה חיה כובל עצם חי עם
common_voice_he_38142066	עכשיו כבר מתקרב סוף	עכשיו כבר מתקרב סוף
common_voice_he_38142067	זקן על מיטה אפל	זקנה על מיטה אופל נתן אחד
common_voice_he_38142068	בלון אדום עף גבוה הרבה בלון ירוק	בלון אדום אך גבוה בלון ירוק
common_voice_he_38142069	אני נולד כאן הרי אין סכנה לא היגר	אני נולד כאן הרי אין סכנה לא חזרה
common_voice_he_38142070	אני מרגיש אני כותב לא בדיוק מה רצון ביטא	אני מרגיש אני כותב לא בדיוק מה רצון ביטא
common_voice_he_38142071	זכות אדם לא נבחן רק זכות הפגין	זכות אדם לא נבחן רק בזכות
common_voice_he_38142073	מכתב נודע לי כבר עזב לגמרי איך הרגשה	מכתב נודע לי כבר עזב לגמרי איך הרגשה
common_voice_he_38142074	בא מורה הגיד כי מחלקה יצא טיול עם מורה	בא מורה הגיד כי מחלקה יצא טיול עם מורה
common_voice_he_38142075	הוא ניסה עוד פעם דבר חזרה נשנה	הוא ניסה עוד פעם דבר חזרה נשנה
common_voice_he_38142076	ים מאוד גועש נראה לי דגל שחור	היי מאוד גועש נראה לי דגל שחור
common_voice_he_38142078	חלק נושא בא פה שבוע קרוב	חלק נושא בא פה שבוע קרוב
common_voice_he_38142079	הוא נותן לי כוח	הוא נותן לי כוח
common_voice_he_38142080	אני מבחין גם חסרון מוסד זה בטוח גם חסרון לימד	אני מבחין גם חסרון מוסד עד אל בטוח גם חסרון לימד
common_voice_he_38142081	דן אבישי אתי רותי אמנון עמד סביב השתתק שמע דבר	דן אבישי אתי רותי אמנון עמד סביב השתתק דבר
common_voice_he_38142083	הרשים מקדש היי התגאה של בית מקדש יהודי	הרשים מקדש היי התגאה של בית מקדש יהודי
common_voice_he_38142084	לי אל סיפר מעשי	לי אל סיפר מעשי
common_voice_he_38142085	אין הוא זוחל כי אם מרקד	אין הוא זוחל כי אם מרקד
common_voice_he_38142086	ברור דרך רגילה לא השיג את אמצע חפירה באר	ברור דרך רגילה לא השיג את אמצע חפירה באר
common_voice_he_38142087	התגלה רצון שעבד יצור איך הצליח פעולה	התגלה רצון שעבד יצור יצור ככה פעולה
common_voice_he_38142088	אני אתי	אני אתי
common_voice_he_38142089	היי אור רגע חוץ נעשה חושך	חיה אור רגע חוץ נעשה
common_voice_he_38142090	לך אל חברה החזיר לך דם כרטיס אונייה שוב מקום בא שם	לך אל חברה החזיר לך דם כרטיס אונייה שוב מקום בא שם
common_voice_he_38142096	לא הצמיח לא דשא לא עץ	לא הצמיח לא דשא לא עץ
common_voice_he_38142097	כוונה התרגשות סביב ה “ מאורע ” ארץ ישראל קונגרס ציוני	כוונה התרגשות סביב הוראה ארץ ישראל קונגרס ציוני
common_voice_he_38142098	עכשו נסע מרחק	עכשיו נסע מרחק
common_voice_he_38142099	מה אני הבין קול הן לו בר סמכא חדש	מה אני הבין קול הן לו בא סמך חדש
common_voice_he_38142101	יש לו רק מאפייה תנור חם סל גדול שלושה שעה מנוחה	יש לו רק מאפייה תנור חם סל גדול שלושה שעה מלוכה
common_voice_he_38142102	שנה הורה של עדיין חי	שנה הורה של עדיין חי
common_voice_he_38142103	אבל אלה עדיין אין יד	אבל אלה עדיין אין יד
common_voice_he_38142104	זה אירוניה של לימוד היסטוריה אני תמיד יכול שפט בדיעבד	זה אירוניה של לימוד היסטוריה אני תמיד יכול שפט בדיעבד
common_voice_he_38142105	כול כך הרבה זמן לא הראה את	כול כך הרבה זמן לא הראה את
common_voice_he_38146664	מחזיר אני גם כן מי הפסיד אצל	אני גם כן מי הפסיד אצל
common_voice_he_38146666	כאשר בא שירה פליט היי ילד יחיד בין כל אלה בא	כאשר בא שיירה פליט היי יוסי ילד יחיד בין כל ילד של
common_voice_he_38146667	עין הבריק לשון הסתבך פה	עין הבריק לשון הסתבך פה
common_voice_he_38146669	אוזן של מחודד גם של סבתא של אלה	אוזן של מחודד גם של סבתא של אלה
common_voice_he_38146672	שומע יש עשה משהו פה מיד רעיון לב	שמע יש עשה משהו פה מיד רעיון לב
common_voice_he_38146694	תחילה הלכה רצון אבל אחרי כן ראה לא כדאי נראה	תחילה הלכה רצון אבל אחרי כן ראה לא כדאי נראה
common_voice_he_38146695	הוא היי נראה ילדה בת זה עתה עזב את בית חולה	הוא היי נראה ילדה בת זה עתה עזב את בית חולה
common_voice_he_38146696	אף פעם לא ראה תוכי כול כך אושר	אף פעם לא הראה צוק כל כך אושר
common_voice_he_38146702	יש לי יום משמעותי יותר חבר היי לי גיל עשרה	יש לי יום משמעותי יותר חבר היי לי גיל עשרה
common_voice_he_38146703	אולי יש לו מה הגיד	אולי יש לו מה הגיד
common_voice_he_38146705	סיפר לנו כיצד קרה דבר	סיפר לנו כיצד קרה לי דבר
common_voice_he_38146706	הוא הרגיש שמחה חייכנית	הוא הרגיש שמחה נכון
common_voice_he_39844331	לא מדיני לא פוליטי לא מגזר	לא מדיני לא פוליטי לא מגזר
common_voice_he_39844332	מה זה כבוד הוזמן דת דין	מה זה כבוד זמן דת דין
common_voice_he_39844333	קול קול אהוד יד יד ביבי	קול קול אהוד יד יד ביבי
common_voice_he_39753055	אפילו ייעד כבר מקום בית משפט חדש צפת	אפילו ייעד כבר מקום חדש בית משפט חדש צפת
common_voice_he_39753056	מבצע שלמה פיקד סיירת עבר יושב כאן	מבצע שלמה פיקד סיירת עבר יושב כאן
common_voice_he_39753057	אף מילה יחידה לא הציל פה השמיע	אף מילה יחידה לא הציל פה השמיע
common_voice_he_39753058	מן ראוי היי משרד חינוך עוסק יום דבר הרבה יותר חשוב	מן ראוי היי משרד חינוך עוסק יום דבר הרבה יותר חשוב
common_voice_he_39753059	לימד משהו מה קרן חברתי אמיתי חדש	לימד משהו מה קרן חברתי אמיתי חדש
common_voice_he_39753067	אם הוא חושש הפסיד איש הליכוד הוא הולך ימין	אם הוא חושש הפסיד איש הליכוד הוא הולך ימין
common_voice_he_39753068	הוטל אחריות לא נתן איש שמע הרהור בין שיטה	הוטל אחריות לא נתן איש שמע הרהור בין שיטה
common_voice_he_39753069	דוגמה קורס כאן רחוק הוא היות גיהינום על פן אדמה	דוגמה קורס כאן רחוק הוא היות גיהינום על פן אדמה
common_voice_he_39753070	כדי יצור כדאיות יזם נבנה דירה השכרה	כדי יצור כדאיות יזם נבנה דירה השכרה
common_voice_he_39753072	כי זה לא מה שימש תרופה	כי זה לא מה שימש תרופה
common_voice_he_39753082	זה הראה בדיוק איזה פשיטה רגל מוסרי נמצא תנועה הליכוד	זה הראה בדיוק איזה פשיטה רגל מוסרי נמצא תנועה הליכוד
common_voice_he_39753083	חמאה זה אחלה	חמאה זה אחלה
common_voice_he_39753088	זקן תקע את מקום את סכין קצה משוט	זקן תקע את מקום את סכין קצה משותק
common_voice_he_39753089	החל משרד טיפל בעיה חמור זה כמו עוד כמה בעיה חמור	החל משרד טיפל בעיה חמור זה כמו עוד כמה בעיה חמור
common_voice_he_39753112	גם התחיל הראה מה קורה באמת דמוקרטיה	גם התחיל הראה מה קורה באמת דמוקרטיה
common_voice_he_39753113	חי שקט שלווה שלום זכות מלא	חי שקט שלווה שלום זכות מלא
common_voice_he_39753114	שביל בין גן ילד גינה מואר אור אדום	שביל בין גן ילד גינה מואר אור אדום
common_voice_he_39753115	אני בטוח לא זה כוונה חוקק	אני בטוח לא זה כוונה חוקק
common_voice_he_39753116	השתמש שירות טוב מצרי מוכן נתן	השתמש שירות טוב מצרי מוכן נתן
common_voice_he_39753131	לא תל אביב לא חיפה לא עיר	לא תל אביב לא חיפה לא עיר
common_voice_he_39753133	רצח ילד רצח דעת לא סובל	רצח ילד רצח דעת לא סובל
common_voice_he_39753134	תאריך חמישה עשרה אוקטובר נסגר מקום צו מנהלי	תאריך חמישה עשרה אוקטובר נסגר מקום צו מנהלי
common_voice_he_39753135	תאריך שבעה אוקטובר אלף שש נורה נרצח בן משפחה קאדר	תאריך אוקטובר אלף שש נורה נרצח בן משפחה קאדר
common_voice_he_39753136	בל אנושי בל הוגן בל צודק	בל אנושי בל הוגן בל צודק
common_voice_he_39753149	מה אני מתפלא פוגע ציפור נפש	מה אני מתפלא פוגע ציפור נפש
common_voice_he_39753150	אני מביא דוגמה שלושה דמוקרטי מזרח תיכון	אני מביא דוגמה שלושה דמוקרטי מזרח תיכון
common_voice_he_39753151	אלה צעד נקט כדי זה אכן בוצע	אלה צעד נקט כדי זה אכן בוצע
common_voice_he_39753153	צעדה התחיל שעה ארבעה יד תחנה מרכזי	צעדה התחיל שעה שש עשרה יד תחנה מרכזי
common_voice_he_39753154	אז הבין למה החלטה זה לא יכולת התקבל	אז הבין למה החלטה זה לא יכולת התקבל
common_voice_he_39753165	רב היי אכזבה	רב היי אכזבה
common_voice_he_39753166	הוא כול יכול הוא רשאי עשה מה הוא רוצה כלל בעיר ירושלים	הוא כול יכול הוא רשאי עשה מה הוא רוצה כלל בעיר ירושלים
common_voice_he_39753167	ראש שירות חשאי של דרום אפריקה היי הרבה יותר פרגמטי כול משטר אפרטהייד	ראש שירות חשאי של דרום אפריקה היי הרבה יותר פרגמטי כול משטר אפרטהייד
common_voice_he_39753168	זה תוקן פרוטוקול אני הניח לא קיבל מכתב דק קרובה	זה תוקן פרוטוקול אני הניח לא קיבל מכתב דק קרובה
common_voice_he_39753169	תשלום מס בא גם לתת חינוך איש	תשלום מס בא גם לתת חינוך איש
common_voice_he_39753184	אין שמונה מאה שקל בית עם ארבעה ילד	אין שמונה מאה שקל בית עם ארבעה ילד
common_voice_he_39753185	אם העביר אדמה הקמה יישוב ערבי זה ציוני או לא ציוני	אם העביר אדמה הקמה יישוב ערבי זה ציוני או לא ציוני
common_voice_he_39753186	הוא דואג מיליון ארבעה איש נמצא קרן ותיק חדשה	הוא דואג מיליון ארבעה איש נמצא קרן ותיק חדשה
common_voice_he_39753187	נדמה לי תוכנית זה הוא תוכנית אכזרי	נדמה לי תוכנית זה הוא תוכנית אכזרי
common_voice_he_39753188	ללא כביש ללא אמצע תחבורה סודר	ללא כביש ללא אמצע תחבורה סודר
common_voice_he_39753206	לילה טעות זה תוקן מחיר דלק ירד	לילה טעות זה תוקן מחיר דלק ירד
common_voice_he_39753207	חמישה אחוז דירה מכרז אני הוציא הולך דיור	ש חמישה אחוז דירה מכרז אני הוציא הולך דיור
common_voice_he_39753209	אני חוזר אומר לא מיכאל איתן	אני חוזר אומר לא מיכאל איתן
common_voice_he_39753210	כמו גם הציב תמרור אזהרה אמירה ברור	כמו גם הציב תמרור אזהרה אמירה ברור
common_voice_he_39753224	משדר רחב ארץ אף סייע איתור גג התאים התקנה משדר	משדר רחב ארץ אף סייע איתור גג התאים התקנה משדר
common_voice_he_39753225	הפעיל בתוך פרק זמן קצר תוכנית פיילוט הגברה פיקוח אכיפה דרום ארץ	הפעיל בתוך פרק זמן קצר תוכנית פיילוט הגברה פיקוח אכיפה דרום ארץ
common_voice_he_39753226	תוכנית זה כלל חוב גזרה קשה מנשוא	תוכנית זה כלל חוב גזרה קשה מנשוא
common_voice_he_39753227	דיבר יוצא מן אולם פשוט מאוד	דיבר יוצא מן עולם פשוט מאוד
common_voice_he_39753228	לא התקדם לא הלכה לא בא	לא התקדם לא הלכה לא בא
common_voice_he_39753242	חמישה אחוז זה עדיין מספר גדול	חמישה אחוז זה עדיין מספר גדול
common_voice_he_39753243	שפיר שמואל נכד אח אריה	שפיר שמואל נכד אח אריה
common_voice_he_39753244	אישה כבר היי מלא ילד חדש	אישה כבר היי מלא ילד חדש
common_voice_he_39753245	אדם רעב לחם הוא אדם כבוד אדם נפגע	אדם רעב לחם הוא אדם כבוד אדם נפגע
common_voice_he_39753246	עם אדם מוצא פלסטיני אי אפשר התחתן	עם אדם מוצא פלסטיני אי אפשר התחתן
common_voice_he_39753268	קניון גדול קבוצה עזריאלי	קניון גדול קבוצה עזריאלי
common_voice_he_39753269	פורח כדור אגוז אני מתכון פצצה	פורח כדור אגוז אני התכוון פצצה
common_voice_he_39753270	כדי לא הגיע מעשה גזעני או אפליה	כדי לא הגיע מעשה גזעני או אפליה
common_voice_he_39753271	אכן נקלט מאה הורה ערבי מערכה חינוך יהודי	אכן נקלט מאה הורה ערבי מערכה חינוך יהודי
common_voice_he_39753272	לא הרגיש הוא לבד סבל הוא סובל	לא הרגיש הוא לבד סבל הוא סובל
common_voice_he_39753279	חצי דרומי הוא כבר לא ים	חצי דרומי הוא כבר לא ים
common_voice_he_39753280	כמו יום אדמה כמו אוקטובר אלף	כמו יום אדמה כמו אוקטובר אלף
common_voice_he_39753281	חלק גדול תאונה קורה מתחת בית	חלק גדול תאונה קורה מתחת בית
common_voice_he_39753282	זה מה בסיס חלק גדול טיעון	זה מה בסיס חלק גדול טיעון
common_voice_he_39753283	מחר יצא חופשה למעלה מיליון תלמיד	מחר יצא חופשה למעלה מיליון תלמיד
common_voice_he_39753438	אני עושה את זה יום כבר בית חולה	אני עושה את זה יום כבר בית חולה
common_voice_he_39753439	הוא מערכה סביר הונח מקובל עולם מערבי	הוא מערכה סביר הונח מקובל עולם מערבי
common_voice_he_39753440	אב פעוטה לא נחקר תחת אזהרה כי אם נגבה מן עדות פתוח	אב פעוטה לא נחקר תחת אזהרה כי אם נגבה מן עדות פתוח
common_voice_he_39753441	הבטחה חי אדם גם קדושה חי אדם	הבטחה חי אדם גם קדושה חי אדם
common_voice_he_39753442	הצמיד קצבה מסוים שכר ממוצע לא מדד	הצמיד קצבה מסוים שכר ממוצע לא מדד
common_voice_he_39753458	נמצא עבודה אפריקה או ארץ ברית	נמצא עבודה אפריקה או ארץ ברית
common_voice_he_39753459	ערבי זה ערבי יהודי זה יהודי	ערבי זה ערבי יהודי זה יהודי
common_voice_he_39753460	הוא הקים ארגון הורה נפגע חזרה תשובה	הוא הקים ארגון הורה נפגע חזרה תשובה
common_voice_he_39753461	עולם מערבי זמן הגעה אירוע קצר מאוד	עולם מערבי זמן הגעה אירוע קצר מאוד
common_voice_he_39753462	שיתף פעולה גם עם שינוי עם מציאות פתוח	שיתף פעולה גם עם שינוי עם מציאות פתוח
common_voice_he_39753468	אני לא פירט מי יודע מה	אני לא פירט מי יודע מה
common_voice_he_39753469	דיון ועדה פתוח עיתונאי על בסיס יומיומי	דיון ועדה פתוח עיתונאי על בסיס יומיומי
common_voice_he_39753470	מרכז חוסן קהילתי שדרה גוש מועצה אזורי עוטף עז	מרכז חוסן קהילתי שדרה גוש מועצה אזורי עוטף עז
common_voice_he_39753471	הוא גם לא איזה אות הצטיינות	הוא גם לא איזה אות הצטיינות
common_voice_he_39753472	סיפר לי אהוב על חי על ילדות	סיפר לי אהוב על חי על ילדות
common_voice_he_39753478	שניים ראוי ייצג את כנסת	שניים ראוי ייצג את כנסת
common_voice_he_39753479	עשרה אוקטובר אלף תשע מאה חמישים שש היי יום קשה	עשרה תשע אוקטובר אלף תשע מאה חמישים שש היי יום קשה
common_voice_he_39753480	מכתב נכתב כפי כתב ראש שעה זה מאוחר	מכתב נכתב כפי כתב ראש שעה זה מאוחר
common_voice_he_39753481	אני לא מרגיש מסכן ברוך שם	אני לא מרגיש מסכן ברוך שם
common_voice_he_39753482	ארבעה יוני שיגר דר יואב ספיר	ארבעה יוני שיגר דוקטור יואב ספיר
common_voice_he_39753488	הוא גורם כך לא רק הוא	הוא גורם כך לא רק הוא
common_voice_he_39753489	לא היי אף תרופה לא היי סל	לא היי אף תרופה לא היי סל
common_voice_he_39753490	פנייה אל סטודנט ירושלים שאלה מדוע אני לא קיבל את הנחה מגיע לנו ארנונה	פנייה אל סטודנט ירושלים שאלה מדוע אני לא קיבל את הנחה מגיע לנו ארנונה
common_voice_he_39753491	הלך הסתכל טבע יפה עד הגיע מורד	הלך הסתכל טבע יפה עד הגיע מורד
common_voice_he_39753492	הרכיב הכי חשוב הוא חוסן לאומי אחדות עם	הרכיב הכי חשוב הוא חוסן לאומי אחדות עם
common_voice_he_39753498	אם אני רוצה תרומה למה לא פשוט ביקש	אם אני רוצה תרומה למה לא פשוט ביקש
common_voice_he_39753499	אבל רק הגיד דבר אחד עולם לא הייתי ישיבה למרות הקשיב קשב רב	אבל רק הגיד דבר אחד עולם לא הייתי ישיבה למרות הקשיב קשב רב
common_voice_he_39753500	אז לא שילם לו הבטחה הכנסה	אז לא שילם לו הבטחה הכנסה
common_voice_he_39753501	אני הכניס מאוד מאוד החמיר שלושה מישור	אני הכניס מאוד מאוד החמיר שלושה מישור
common_voice_he_39753518	הוא עובד מתוך תחושה משבר כלכלי	הוא עובד מתוך תחושה משבר כלכלי
common_voice_he_39753519	דבר זה חמור כלפי חולה כרוני קיבל מרשם די חודש חודש	דבר זה חמור כלפי חולה כרוני קיבל מרשם די חודש חודש
common_voice_he_39753520	נפגע ראשון עיקרי הוא קבוצה חלש אוכלוסייה	נפגע ראשון עיקרי הוא קבוצה חלש אוכלוסייה
common_voice_he_39753521	הרי הוא מקבל הבטחה הכנסה אולי כי בעל לא מתפקד	הרי הוא מקבל הבטחה הכנסה אולי כי בעל לא מתפקד
common_voice_he_39753541	תחת שלטון רשע רדיפה הקשה יותר	תחת שלטון רשע רדיפה הקשה יותר
common_voice_he_39753542	הוא נהג נוהג אחריות זהירות מתחייב	הוא נהג נוהג אחריות זהירות מתחייב
common_voice_he_39753543	פייסבוק או חברה מטא הוא בעל של אינסטגרם וואטסאפ	פייסבוק או חברה מטא הוא בעל של אינסטגרם וואטסאפ
common_voice_he_39753544	אני ביקש אומר זה הזדמנות יוצא דופן	אני ביקש אומר זה הזדמנות יוצא דופן
common_voice_he_39753545	עין מיליארד מוסלמי הוא מנהיג גיבור כמו צלאח א דין	עין מיליארד מוסלמי הוא מנהיג גיבור כמו סלאח א דין
common_voice_he_39753570	יוזמה הצעה זה נובע כמה עניין מרכזי	יוזמה הצעה זה נובע כמה עניין מרכזי
common_voice_he_39753571	נכה לא פוגע תגמול מילוא	נכה לא פוגע תגמול מילוא
common_voice_he_39753572	אל הדליק את אור עדיין	אל הדליק את אור עדיין
common_voice_he_39753573	יש חשיבות רב כך ועדה ערר פעל אופן אפשר לה הגן על זכות השתתף	יש חשיבות רב כך ועדה ערר פעל אופן אפשר לה הגן על זכות השתתף
common_voice_he_39753574	בירר ארך תקופה איך זה עובד	בירר ארך תקופה איך זה עובד
common_voice_he_39753586	צעדה החל שעה ארבעה רחבה הזכיר בין תחנה מרכזי חדש בניין אומה ירושלים	צעדה החל שעה שש עשרה רחבה בין תחנה מרכזי חדש בניין אומה ירושלים
common_voice_he_39753587	מתים על נהיה מוכן בחינה	מתים על נהיה מוכן בחינה
common_voice_he_39753588	יש לו כול כך הרבה ילד	יש לו כול כך הרבה ילד
common_voice_he_39753589	שמא הוא מוצא מקום יהודי חרדי גם קיבל דירה	שמא הוא מוצא מקום יהודי חרדי גם קיבל דירה
common_voice_he_39753590	ציר שני הוא אזרח אזרחית הוא באמת טיפל אלטרנטיבי	ציר שני הוא אזרח אזרחית הוא באמת טיפל אלטרנטיבי
common_voice_he_39753600	כמות רכב ממוכן הספיק פעילות גדוד ביצוע משימה	כמות רכב הוגן הספיק פעילות גדוד ביצוע משימה
common_voice_he_39753601	אני חושב סיום עבודה ועדה ראשות פרופסור שטיינברג	אני חושב סיום עבודה ועדה ראשות פרופסור שטיינברג
common_voice_he_39753602	סוגיה זה שלוב תהליך מדיני כללות קשור גם מדיניות כולל לגבי נעשה יהודה שומרון	סוגיה זה שלוב תהליך מדיני כללות קשור גם מדיניות כולל לגבי נעשה יהודה שומרון
common_voice_he_39753603	גורם בטיחות הצלה כמו כיבוי אש	גורם בטיחות הצלה כמו כיבוי אש
common_voice_he_39753613	אבל אני רוצה המשיך או נפתח נקודה את נגע הוא אקראי	אבל אני רוצה המשיך או נפתח נקודה את נגע הוא אקראי
common_voice_he_39753615	תפקיד שופט הוא חולל מהפכה חברתי	תפקיד שופט הוא חולל מהפכה חברתי
common_voice_he_39753616	יום חמישה קרוב אמור התבצע פינוי של	יום חמישה קרוב אמור התבצע פינוי של
common_voice_he_39753618	כפוף הוראה תקנה זה אני הודיע זה	כפוף הוראה תקנה זה אני הודיע זה
common_voice_he_39753620	אני הבטיח סיים בתוך שניים דקה	אני הבטיח סיים בתוך שניים דקה
common_voice_he_39753626	אז היי יכול הגיד שגה מקרו כלכלה	אז היי יכול הגיד שגה מקרו כלכלה
common_voice_he_39753629	תמיד זוכה קיבל הרי שמח הודיע	תמיד זוכה קיבל שמח הודיע
common_voice_he_39753630	אז למה הוא המשיך אז תפקיד	אז למה הוא המשיך אז תפקיד
common_voice_he_39753631	בגלל זה פתחה לו את ראש פעם שרפה את מכונית של את בית	בגלל זה פתחה לו את ראש פעם שרפה את מכונית של את בית
common_voice_he_39753639	אני מציע סייע עצמאי עסק קטן	אני מציע סייע עצמאי עסק קטן
common_voice_he_39753640	הוא לא יכולת להיות שייך אדם אחד	הוא לא יכולת להיות שייך אדם אחד
common_voice_he_39753641	עולם עמוס משא	עולם עמוס מסע עייף
common_voice_he_39753642	אך בא פסק הוא חויב התחשב אך רק עובדה הובא בפני	אך בא פסק הוא חויב התחשב אך רק עובדה הובא בפני
common_voice_he_39753643	הוא עשה זה כי הוא ברוך כישרון	הוא עשה זה כי הוא ברוך כישרון
common_voice_he_39753649	דרש המשיך דרש תקציב חקיקה טוב חלש	דרש המשיך דרש תקציב חקיקה טוב חלש
common_voice_he_39753650	אחד יום יצא קצין	אחד יום יצא קצין
common_voice_he_39753651	אני יכול נתן לך הרבה דוגמה	אני יכול נתן לך הרבה דוגמה
common_voice_he_39753652	אני רוצה הקריא שנה מכתב קטע קצר	אני רוצה הקריא שנה מכתב קטע קצר
common_voice_he_39753653	מסורת יהודי לא אפשר אדם קיבל ריבית כאשר הוא נותן הלוואה	מסורת יהודי לא אפשר אדם קיבל ריבית כאשר הוא נותן הלוואה
common_voice_he_39753654	קצין אנגלי היי ממנה על	קצין אנגלי היי מונה על
common_voice_he_39753655	היי לו איזה מעמד בתוך עירייה	היי לו איזה מעמד בתוך עירייה
common_voice_he_39753656	לא נעשה כלום הן עכשיו אני הולך קידם עשה לא	לא נעשה כלום הן עכשיו אני הולך קידם עשה לא
common_voice_he_39753657	אז אולי אויב הבין כח אי אפשר	אז אולי אויב הבין כח אי אפשר
common_voice_he_39753658	קיצוץ קשה כואב מענק איזון תקציב רשות מקומי	קיצוץ קשה כואב מענק איזון תקציב רשות מקומי
common_voice_he_39771109	לא שילם כמו מי חמישה אלף שקל	לא שילם כמו מי חמישה אלף שקל
common_voice_he_39771111	בגלל זה לא התערב קצבה זקנה לא התערב קצבה נכה	בגלל זה לא התערב קצבה זקנה לא התערב קצבה נכה
common_voice_he_39771113	עניין זה דיבר די כמה חודש	עניין זה דיבר די כמה חודש
common_voice_he_39771115	יושב פה יושב ראש ועדה כלכלה	יושב פה יושב ראש ועדה כלכלה
common_voice_he_39771116	אני מחכה שפס כי הוא לא בא	עתה מחכה שפס כי הוא לא בא
common_voice_he_39771126	מתוך רצון נמנע פגיעה רגש ציבור	מתוך רצון נמנע פגיעה רגש ציבור
common_voice_he_39771127	ממד הוא מרחב הוגן דירה אילו ממק הוא מרחב קומה הוגן	ממד הוא מרחב הוגן דירה אילו ממק הוא מרחב קומה הוגן
common_voice_he_39771128	כי הוא באמת בא יצור מגבלה לגבי גובה שכר גוף נתמך	כי הוא באמת בא יצור מגבלה לגבי גובה שכר גוף נתמך
common_voice_he_39771129	תוצאה מן לא יצא מתאבד עזה	תוצאה מן לא יצא מתאבד עזה
common_voice_he_39771130	כן אין כמו עניין זה חשיבות מיוחד כדי הוא היי	כן אין כמו עניין זה חשיבות מיוחד כדי הוא היי
common_voice_he_39771141	כדי קיבל אינפורמציה נוסף הצטבר עד אז	כדי קיבל אינפורמציה נוסף הצטבר עד אז
common_voice_he_39771142	עבירה שחיתות אפשר עיין נושא זה	עבירה שחיתות אפשר עיין נושא זה
common_voice_he_39771143	החליט אני הביא כול	החליט אני הביא כול
common_voice_he_39771144	עבירה אלימות חמור או עבירה סוג פשע	עבירה אלימות חמור או עבירה סוג פשע
common_voice_he_39771145	לעומת שמונה אחוז לגבי צעיר יהודייה יישוב דרום	לעומת שמונה אחוז לגבי צעיר יהודייה יישוב דרום
common_voice_he_39771175	שורה תחתון אומר כאן עד אלה מקרב ציבור חילוני	שורה תחתון אומר כאן עד של קולה אלה מקרב ציבור חילוני
common_voice_he_39771176	פרופסור אברהם הרשקו פרופסור אהרן	פרופסור אברהם הרשקו פרופסור אהרון
common_voice_he_39771177	אני רוצה התייחס דבר יום זה	אני רוצה התייחס דבר יום זה
common_voice_he_39771179	צומת יגור הר כרמל יש פרח	צומת יגור הר כרמל יש פרח
common_voice_he_39771197	גל קיצוץ נוכחי הוצג חלק גדול מאוד עובד שירות כאלה הוא מיותר	גל קיצוץ נוכחי הוצג חלק גדול מאוד עובד שירות כאלה הוא מיותר
common_voice_he_39771198	מגמה קיים הוא שחרר מוצר פיקוח מחיר מיד כאשר אפשר עשה כן בחינה כלכלי	מגמה קיים הוא שחרר מוצר פיקוח מחיר מיד כאשר אפשר עשה כן בחינה כלכלי
common_voice_he_39771199	אני עובד קודח קרוע מליונים אשר מצח קורן אור יגיעה עמל	אני עובד קודח קרוע מיליון אשר מצח קורן אור יגיעה עמל
common_voice_he_39771200	חוקר פקולטה הנדסה אוניברסיטה דנמרק	חוקר פקולטה הנדסה אוניברסיטה דנמרק
common_voice_he_39771206	ילדה ביקש בלון תכלת יום הולדת של	ילדה ביקש בלון תכלת יום הולדת של
common_voice_he_39771208	העדר בן משפחה התנגד עם בקשה הכיר מן מייצג	היעדר בן משפחה התנגד עם בקשה הכיר מן מייצג
common_voice_he_39771209	גם נמצא מסגרת חוץ ביתי	גם נמצא מסגרת חוץ ביתי
common_voice_he_39771210	אני מציע חיפש בשביל איש ‘ קום מקום התיישבות חדש	אני מציע חיפש בשביל איש קום מקום התיישבות חדש
common_voice_he_39771230	מהלך בוררות הוכח כי חזן עסק תקופה עבודה תיאטרון רואה חשבון עבור מספר לקוח	מהלך בוררות הוכח כי חזן עסק תקופה עבודה תיאטרון רואה חשבון עבור מספר לקוח
common_voice_he_39771231	החל פעילות ברוך למען חקלאות התיישבות	החל פעילות ברוך למען חקלאות התיישבות
common_voice_he_39771232	זה קורה זה קורה הולנד	זה קורה לטביה זה קורה הולנד
common_voice_he_39771233	ועדה ייעץ נקבע עורך דין ראוי מתאים כהונה בורר בוררות חובה	ועדה ייעץ נקבע עורך דין ראוי מתאים כהונה בורר בוררות חובה
common_voice_he_39771234	מקיים את דבקות יום שבו השיג את עצמאות	מקיים את דבקות יום שבו השיג את עצמאות
common_voice_he_39771249	משום קשה לי האמין מישהו עירייה ירושלים	משום קשה לי האמין מישהו עירייה ירושלים
common_voice_he_39771250	אני רואה יושב ראש ישיבה מפנה מבט אל	אני רואה יושב ראש ישיבה מפנה מבט אל
common_voice_he_39771251	אני רואה עולם התחלק כפי הוא התחלק צביעות חוגג	אני רואה עולם התחלק כפי הוא התחלק צביעות חוגג
common_voice_he_39771252	רק עשרה אחוז לידה זוכה מענק זה	רק ב עשרה תשע אחוז לידה זוכה מענק זה
common_voice_he_39771253	קיצוץ דם אבטלה החמרה תנאי זכאות דם אבטלה	קיצוץ דם אבטלה החמרה תנאי זכאות דם אבטלה
common_voice_he_39771261	זה היי משדר	זה היי משדר
common_voice_he_39771262	עמדה כלל זה במשך שנים עשרה שעה	עמדה כלל זה במשך שנים עשרה שעה
common_voice_he_39771263	אני שמח גם הוא תומך בזה	אני שמח גם הוא תומך בזה
common_voice_he_39771264	פעם עשה שימוש מעט שנוי מחלוקת סמכות	פעם עשה שימוש מעט שנוי מחלוקת סמכות
common_voice_he_39771265	אולי הוא יכולת השפיע עוד כמה קול	אולי הוא יכולת השפיע עוד כמה קול
common_voice_he_39771290	אני מקנא מי חי עולם וירטואלי	אני מקנא מי חי עולם וירטואלי
common_voice_he_39771291	חייל אלה לא יכל עשה דבר	חייל אלה לא יכל עשה דבר
common_voice_he_39771292	תוכנית צמיחה נכון הוא זה השקיע תשתית	תוכנית צמיחה נכון הוא זה השקיע תשתית
common_voice_he_39771293	קבוצה רעם העלים קבוצה איחוד לאומי מציע סעיף זה נמחק	קבוצה רעם העלים קבוצה איחוד לאומי מציע סעיף זה נמחק
common_voice_he_39771294	כי דיבר מספיק עכשיו אני צריך עשה אף אחד לא פטור זה	כי דיבר מספיק עכשיו אני צריך עשה אף אחד לא פטור זה
common_voice_he_39771305	לא הבשיל אז תהליך עקב העדר נכונות מקביל צד שני	לא הבשיל אז תהליך עקב היעדר נכונות מקביל צד שני
common_voice_he_39771306	אוצר אומר עלות משק הוא מיליארד שקל	אוצר אומר עלות משק הוא מיליארד שקל
common_voice_he_39771307	זה פעם ראשון אני שומע זה עדות	זה פעם ראשון אני שומע זה עדות
common_voice_he_39771308	עשרה שישה דצמבר אלף שלושה פורסם תל אביב	ב עשרה שש דצמבר אלף שלושה פורסם תל אביב
common_voice_he_39771309	אני יהודה שומרון בזכות אב לא חסד אומה	אני יהודה שומרון בזכות אב לא חסד אומה
common_voice_he_39771315	גם ועד מונה שם גם משרד חינוך	גם ועד מונה שם גם משרד חינוך
common_voice_he_39771316	ערב סעודי לא רק יהודי אסור גר	ערב סעודי לא רק יהודי אסור גר
common_voice_he_39771317	שאלה נשאל הוא איפה היי משטרה	שאלה נשאל הוא איפה היי משטרה
common_voice_he_39771318	אני מסכים תופעה זה ראוי טיפול	אני מסכים תופעה זה ראוי טיפול
common_voice_he_39771319	מיעט פג אחד או אחד הועבר בית חולה שניידר פתח תקווה	מיעט פג אחד או אחד הועבר בית חולה שניידר פתח תקווה
common_voice_he_39778670	אם כבר חלף עולם שלטון של אדם אדם או שלטון של עם עם	אם כבר חלף עולם שלטון של אדם אדם או שלטון של עם עם
common_voice_he_39778671	אפשר אומר יום אין סיוע משכנתה	אפשר אומר יום אין סיוע משכנתה
common_voice_he_39778673	כמובן מפלגה כמובן הגבלה שליטה זר	כמובן מפלגה כמובן הגבלה שליטה זר
common_voice_he_39778674	הוא חיפש כתובת טוב לתת ראש	הוא חיפש כתובת טוב לתת ראש
common_voice_he_39778675	קיבל משפחה של עשרה ילד אלף מאה שמונה שקל בלבד	קיבל משפחה של עשרה ילד אלף מאה שמונה שקל בלבד
common_voice_he_39778676	כי זה גורם נזק מאבק צודק	כי זה גורם נזק מאבק צודק
common_voice_he_39778677	אני אולי רגיל נסיגה חד צדדי	אני אולי רגיל נסיגה חד צדדי
common_voice_he_39778678	יש לה משמעות איש קיבל הבטחה הכנסה	יש לה משמעות איש קיבל הבטחה הכנסה
common_voice_he_39778679	אני רוצה סיים ממש בשורה אחד ספר ירמיהו	אני רוצה סיים ממש בשורה אחד ספר ירמיהו
common_voice_he_39778685	אני חושב זה בשורה גדול מאוד מאה	אני חושב זה בשורה גדול מאוד מאה
common_voice_he_39778687	יש הוראה כתב רדיו יצא יחד	יש הוראה כתב רדיו יצא יחד
common_voice_he_39778688	הוא דיבר שש או דקה	הוא דיבר שש או דקה
common_voice_he_39778690	הגדרה מדיניות סדור מול ציבור ערבי	הגדרה מדיניות סדור מול ציבור ערבי
common_voice_he_39778691	כי מתוך קואליציה גם בא תיקון	כי מתוך קואליציה גם בא תיקון
common_voice_he_39778692	משטרה נערך טיפול אלימות מתחם בילוי סופה שבוע	משטרה נערך טיפול אלימות מתחם בילוי סופה שבוע
common_voice_he_39778693	אין מתנהג גם עניין זה צורה ראוי	אין מתנהג גם עניין זה צורה ראוי
common_voice_he_39778694	חמישה עשרה אוקטובר עד חמישה עשרה נובמבר זה חודש דיון בחינה נושא	מה חמישה עשרה אוקטובר עד חמישה עשרה נובמבר זה חודש דיון בחינה נושא
common_voice_he_39778700	אני לא מתפקד עבודה עקב חוסר שעה שינה	אני לא מתפקד עבודה עקב חוסר שעה שינה
common_voice_he_39778701	כי הוא החליט לא העלה מס	כי הוא החליט לא העלה מס
common_voice_he_39778702	מיד עם כניסה תפקיד פעל שלושה מישור שונה	מיד עם כניסה תפקיד פעל שלושה מישור שונה
common_voice_he_39778703	מאפשר את השבחה כוח הוראה באמצעות שכר דיפרנציאלי דבר זה נעדר שם	מאפשר את השבחה כוח הוראה באמצעות שכר דיפרנציאלי דבר זה נעדר שם
common_voice_he_39778704	הוא בונה גטו זה נוראי פלסטיני	הוא בונה גטו זה נוראי פלסטיני
common_voice_he_39778705	איש פרנסה חי עץ זית מסיק זית	איש פרנסה חי עץ זית מסיק זית
common_voice_he_39778706	זה לא סתם דעת עם מי דיבר	זה לא סתם דעת עם מי דיבר
common_voice_he_39778707	גם תנאי עבודה עצם הוא תנאי אנושי	גם תנאי עבודה עצם הוא תנאי אנושי
common_voice_he_39778708	אני קיבל כל לב יש כאן פגיעה לא בוטל	אני קיבל כל לב יש כאן פגיעה לא בוטל
common_voice_he_39778709	כי צער עורף כבר נהפך חזית	כי צער עורף כבר נהפך חזית
common_voice_he_39785388	אני לא קרא רק ציבור חלש	אני לא קרא רק ציבור חלש
common_voice_he_39785389	אני מקווה האמין כך זה נמשך	אני מקווה האמין כך זה נמשך
common_voice_he_39785397	צפון אפריקה משתנה ממש נגד עין	צפון אפריקה משתנה ממש נגד עין
common_voice_he_39785398	יום אני רוצה התייחס נושא	יום אני רוצה התייחס נושא
common_voice_he_39785399	גם אם חיפש פרוצדורה משטרתי או משפטי זה או אחר	גם אם חיפש פרוצדורה משטרתי או משפטי זה או אחר
common_voice_he_39785400	עובדה חברה החזיר שלושה מאה מנה הגיע מקור	עובדה חברה החזיר שלושה מאה מנה הגיע מקור
common_voice_he_39785409	אולי אפשר חיכה נכנס אדון הזכיר	אולי אפשר חיכה נכנס אדון הזכיר
common_voice_he_39785410	אני הסתכל אני מסרב האמין פרופסור שלמה אבינרי	אני הסתכל אני מסרב האמין פרופסור שלמה אבינרי
common_voice_he_39785411	בוחר מלכתחילה שופט עליון השקפה הולם זרם פוליטי	בוחר מלכתחילה שופט עליון השקפה הולם זרם פוליטי
common_voice_he_39785412	כאילו לא ניהל ויכוח עם משטרה	כאילו לא ניהל ויכוח עם משטרה
common_voice_he_39785413	גבר חושב הרבה יותר על אימפריה רומי אישה זה לא הוכחה גבוה צד	גבר חושב הרבה יותר על אימפריה רומי אישה זה לא הוכחה גבוה צד
common_voice_he_39785416	אני ביקש החליט מה כלכלה ציוני ראוי	אני ביקש החליט מה כלכלה ציוני ראוי
common_voice_he_39785417	מרפאה זה נותן מענה טיפולי אוכלוסייה שדרה יישוב סביבה	מרפאה זה נותן מענה טיפולי אוכלוסייה שדרה יישוב סביבה
common_voice_he_39785418	הגיד הסתייגות אחד פתח תשובה תשובה אין כולל את נושא העלה אני	הגיד הסתייגות אחד פתח תשובה תשובה אין כולל את נושא העלה עתה
common_voice_he_39785419	אני לא בטוח זה לא הודלף	אני לא בטוח זה לא הודלף
common_voice_he_39785420	בעיה הוא סדר עדיפות תקציב מגיע עדה זה	בעיה הוא סדר עדיפות תקציב מגיע עדה זה
common_voice_he_39785423	הרי עשור אחרון תוכנית דורסנית זה עור גיד	הרי עשור אחרון תוכנית דורסנית זה עור גיד
common_voice_he_39785424	ביקש עזרה מימון משקפיים קריאה	ציפורה ביקש עזרה מימון משקפיים קריאה
common_voice_he_39785425	קבר יוסף נמצא סמוך מחנה פליט	קבר יוסף נמצא סמוך מחנה פליט בלטה
common_voice_he_39785442	זה מקרה עלול קורה כול אדם כול עת	זה מקרה עלול קורה כול אדם כול עת
common_voice_he_39785444	הוא לא יכולת נכנס בית ספר	הוא לא יכולת נכנס בית ספר
common_voice_he_39785446	נעשה ניסיון איתר אירוע דומה מקרה מוזכר מכתב	נעשה ניסיון איתר אירוע דומה מקרה מוזכר מכתב
common_voice_he_39785447	מקום מבנה נבחר על יד עירייה ירושלים	מקום מבנה נבחר על יד עירייה ירושלים
common_voice_he_39785449	זה כרטיס זה אני לא מרגיש	זה כרטיס זה אני לא מרגיש
common_voice_he_39785511	הוא מוצא עצם עוד פעם הפגין כאן חוץ	הוא מוצא עצם עוד פעם הפגין כאן חוץ
common_voice_he_39785512	כי שכירות מחושב הכנסה שם גבייה אחוז בעבור תשלום שכר דירה דיור הוגן	כי שכירות מחושב הכנסה שם גבייה אחוז בעבור תשלום שכר דירה דיור הוגן
common_voice_he_39785513	כאשר כופר ערבי לא מאשר בנייה	כאשר כופר ערבי לא מאשר בנייה
common_voice_he_39785514	השקיע כביש חוצה שומרון זה בסדר	השקיע כביש חוצה שומרון זה בסדר
common_voice_he_39785515	הסיע אוטובוס עד רחוב שם החליף קורקינט	נסע אוטובוס עד רחוב טשרניחובסקי שם החליף קורקינט
common_voice_he_39831293	אני יודע למה אני כל יום גאה חזרה בית	אני יודע למה אני כל יום גאה חזרה בית
common_voice_he_39831294	כוחה ביטחון הרשים משפחה יצא עיר	כוחה ביטחון הרשים משפחה יצא אר
common_voice_he_39831297	איך חי משפחה בת עשרה ילד	איך חי משפחה בת עשרה ילד
common_voice_he_39831299	זה לא נושא כדאי או אפשר פתר באמצעות מליאה	זה לא נושא כדאי או אפשר פתר באמצעות מליאה
common_voice_he_39831308	מה קורה כאשר נותן מעבר מה מגיע	מה קורה כאשר נותן מעבר מה מגיע
common_voice_he_39831309	הוא גם מטומטם הוא גם בל מוסרי	הוא גם מטומטם הוא גם בל מוסרי
common_voice_he_39831310	אבל הוא מופנה גם בן אדם מחוץ כלא	אבל הוא מופנה גם בן אדם מחוץ כלא
common_voice_he_39831311	קיצוץ קצבה ילד ראשון שני לא רלוונטי	קיצוץ קצבה ילד ראשון שני לא רלוונטי
common_voice_he_39831312	אולי מישהו כתב או חתם איזה ספר	אולי מישהו כתב או חתם איזה ספר
common_voice_he_39831318	גם יחיא מוחמד תאופיק	גם יחיא מוסטפא מוחמד תאופיק
common_voice_he_39831319	לא קרה אירופה לא קרתה שום מקום	לא קרה אירופה לא קרתה שום מקום
common_voice_he_39831320	בעקבות זה נחקר פרמדיק תחת אזהרה הכחיש מעורבות עניין	בעקבות זה נחקר פרמדיק תחת אזהרה החיש מעורבות עניין
common_voice_he_39831321	אלה הושקע שיפוץ תשתית אתר ציון	אלה הושקע שיפוץ תשתית אתר ציון
common_voice_he_39831322	מי נתן לך אישה כמות	מי נתן לך אישה כמות
common_voice_he_39831338	אני יכול הכניס כול מין דבר מעבר סל	אני יכול הכניס כול מין דבר מעבר סל
common_voice_he_39831339	הוא שטח שיפוט נקבע לפני שנה רב	הוא שטח שיפוט נקבע לפני שנה רב
common_voice_he_39831340	הוא משרד תחבורה אוצר חינוך	הוא משרד תחבורה אוצר חינוך
common_voice_he_39831341	מזהיר את חייב הבטיח מנגנון צמיחה	מזהיר את חייב הבטיח מנגנון צמיחה
common_voice_he_39831342	זה נוסח תקנה תושב רשות פלסטיני או מוצא פלסטיני	זה נוסח תקנה תושב רשות פלסטיני או מוצא פלסטיני
common_voice_he_39831343	פליט סודן נמצא עקר בעיר גדול	פליט סודאן נמצא עקר בעיר גדול
common_voice_he_39831344	לאחר תקופה סוער הרי מה נשאר אין אלא פרשה זיכרון	לאחר תקופה סוער הרי מה נשאר אין אלא פרשה זיכרון
common_voice_he_39831345	אז אי אפשר קיבל איזה הוראה מגיע מעבר ים	אז אי אפשר קיבל איזה הוראה מגיע מעבר ים
common_voice_he_39831351	ראש ועדה עומד כבוד שופטת מרים נאור	ראש ועדה עומד כבוד שופטת מרים נאור
common_voice_he_39831352	הגיד דווקא בית חולה לא בית חולה צפת	הגיד דווקא בית חולה נהריה לא בית חולה צפת
common_voice_he_39831353	כמה מצוקה הוא אדיר כמה עוני הוא נורא	כמה מצוקה הוא אדיר כמה עוני הוא נורא
common_voice_he_39831354	כאשר חלפה שלושה דקה רגע השמעה צלצול	כאשר חלפה שלושה דקה רגע השמעה צלצול
common_voice_he_39831355	הזדמנות זה אני ביקש הודה כאן	הזדמנות זה אני ביקש הודה כאן
common_voice_he_39831361	מכיוון ציבור עדיין לא ערוך לא מוכן	מכיוון ציבור עדיין לא ערוך לא מוכן
common_voice_he_39831362	כמה מהלך מאוד משמעותי הוא לא בדיוק הפרטה	כמה מהלך מאוד משמעותי הוא לא בדיוק הפרטה
common_voice_he_39831363	חסר השכלה לא מסוגל חיפש עבודה	חסר השכלה לא מסוגל חיפש עבודה
common_voice_he_39831364	נובמבר אלף שמונה הותקף תל אביב מר אבי ניר	נובמבר אלף שמונה הותקף תל אביב מר אבי ניר
common_voice_he_39831365	שירות בריאות חינוך רווחה המשיך הידרדר	שירות בריאות חינוך רווחה המשיך הידרדר
common_voice_he_39831376	כי לקח ניתן לכם תורה אל עזב	כי לקח ניתן לכם תורה אל עזב
common_voice_he_39831377	אני יוצא נגד טענה מגוחך זה	אני יוצא נגד טענה מגוחך זה
common_voice_he_39831378	לא היי תקלה דרך אבל כל טווח קובל	לא היי תקלה דרך אבל כל טווח קובל
common_voice_he_39831379	אני עצם רוצה שעבד לימד התקדם שפה עברי	אני עצם רוצה שעבד לימד התקדם שפה עברי
common_voice_he_39918055	אני עד גידול ניכר מספר השתמש סם בקרב בן נוער	אני עד גידול ניכר מספר השתמש סם בקרב בן נוער
common_voice_he_39918056	נכון רגע זה הלוואי גם הלאה	נכון רגע זה הלוואי גם הלאה
common_voice_he_39918057	כמה זמן לקח לי הגיע בית נתניה	כמה זמן לקח לי הגיע בית נתניה
common_voice_he_39918058	פעם אמר אבן זרק טיפש בור	פעם אמר אבן זרק טיפש בור
common_voice_he_39918059	מבצע צהל ניהל עז הוא	מבצע צהל ניהל עז הוא
common_voice_he_39918065	כול אלה נשאר רק שניים חנות פתוח	כול אלה נשאר רק שניים חנות פתוח
common_voice_he_39918066	חשוב בחר משפט עם מגוון	חשוב בחר משפט עם מגוון
common_voice_he_39918067	החליט אם הוא צד זה או צד הוא	החליט אם הוא צד זה או צד הוא
common_voice_he_39918068	אחד היי שעיר מגודל אם אילו שני מרבית פלא היי גור שחור	אחד היי שעיר מכוער אם אילו שני מרבית פלא היי גור שחור
common_voice_he_39918069	אני שונא את טיק טוק	אני שונא את טיק טוק
common_voice_he_39937156	אי אפשר שחרר אסיר צד זה	אי אפשר שחרר אסיר צד זה
common_voice_he_39937157	נתן לו כסף בית בעל ברית העשיר אבימלך איש ריק הלך אחרי	נתן לו כסף בית בעל ברית קונן אבימלך איש ריק פוחד הלך אחרי
common_voice_he_39937158	הקשה יותר דווקא יד אדם	הקשה יותר דווקא יד אדם
common_voice_he_39937159	נושא חינוך מניעה שיקום גמילה טיפול	נושא חינוך מניעה שיקום גמילה טיפול
common_voice_he_39937160	כמה כמה מקום ארץ הוקם כמה עיר	כמה כמה מקום ארץ הוקם כמה עיר
common_voice_he_39937161	הפעלה סמכות מנהלי אכיפה תקן הביא שינוי דרסטי התייחסות רשות תוצאה בדיקה נעשה טעם	הפעלה סמכות מנהלי אכיפה תקן הביא שינוי דרסטי התייחסות רשות תוצאה בדיקה נעשה טעם
common_voice_he_39937162	לגבי הסתייגות עיקרי אני חושב אין מקום	לגבי הסתייגות עיקרי אני חושב אין מקום
common_voice_he_39937163	כך מדובר תוכנית חירום הוגש זמן משבר	כך מדובר תוכנית חירום הוגש זמן משבר
common_voice_he_39937164	שבו הוא כותב כי מושג יהדות הוא אוניברסלי	שבו הוא כותב כי מושג יהדות הוא אוניברסלי
common_voice_he_39937165	הוא מיד הולך קנייה אופניים הוא לא הצליח קנה	הוא מיד הולך קנייה אופניים הוא לא הצליח קנה
common_voice_he_39937166	הוא לא יודע מי הוא עוסק	הוא לא יודע מי הוא עוסק
common_voice_he_39937167	שעה שעה אמצע תקשורת בין לאומי	שעה שעה אמצע תקשורת בינלאומי
common_voice_he_39937168	פעם נוסף מתחת אף מתחולל דרום שוב איזה מין מלחמה	פעם נוסף מתחת אף מתחולל דרום שוב איזה מין מלחמה
common_voice_he_39937169	כמה שימח היי ראה איך פתאום התגלה רצון עז בין חברה	כמה שימח היי ראה איך פתאום התגלה רצון עז בין חברה
common_voice_he_39937170	אני נוטה האמין זה דווקא אדם לא שפוי	אני נוטה האמין זה דווקא אדם לא שפוי
common_voice_he_39937171	הקל יועץ משפטי מאוד עם ניצב מזרחי ספק אם החלטה עומד מבחן בוזגלו	הקל יועץ משפטי מאוד עם ניצב מזרחי ספק אם החלטה עומד מבחן בוזגלו
common_voice_he_39937172	עוד שבוע התכנס גם מועצה הימור	עוד שבוע התכנס גם מועצה הימור
common_voice_he_39937173	נושא פן אוכלוסייה בעלה הכנסה נמוך משק	נושא פן אוכלוסייה בעלה הכנסה נמוך משק
common_voice_he_39937174	הצביע נגד קשיש נזקק עניין פטור אגרה	הצביע נגד קשיש נזקק עניין פטור אגרה
common_voice_he_39937175	סחבת תיק תיק הוצאה פועל	סחבת תיק תיק הוצאה פועל
common_voice_he_39937181	רק אחרי דיכוי טרור רק אחרי הפסקה אש כללי	רק אחרי דיכוי טרור רק אחרי הפסקה אש כללי
common_voice_he_39937182	כי כאשר החליט משל או מי עובד מלונאות שכר הולם	כי כאשר החליט משל או מי עובד מלונאות שכר הולם
common_voice_he_39937203	כן עשה זה כסף שווה כסף	כן עשה זה כסף שווה כסף
common_voice_he_39937204	מערכה זה הביא שיפור שיעור טיפול התאים סופק חולה	מערכה זה הביא שיפור שיעור טיפול התאים סופק חולה
common_voice_he_39937205	זה החל שבוע עובר שמע אמצעי תקשורת איש מתוך בית זה	זה החל שבוע עובר שמע אמצעי תקשורת איש מתוך בית זה
common_voice_he_39937206	בעיה הוא זוג צעיר משפחה ברוך ילד מתייאש השגה דירה רכישה קורה גג	בעיה הוא זוג צעיר משפחה ברוך ילד מתייאש השגה דירה רכישה קורה גג
common_voice_he_39937207	אולי נקודה נוסף נוגע תוכנית כלכלי זה	אולי נקודה נוסף נוגע תוכנית כלכלי זה
common_voice_he_39937264	אני ציין יום אלה מאה שנה הולדת של פיקד נערץ	אני ציין יום אלה מאה שנה הולדת של פיקד נערץ
common_voice_he_39937265	בית משפט הוא אחד שלושה רשות מדיני דמוקרטיה	בית משפט הוא אחד שלושה רשות מדיני דמוקרטיה
common_voice_he_39937266	רוני ויקטור ענבל גבריאלי	רוני ויקטור ענבל גבריאלי
common_voice_he_39937267	מספר יחידה דיור דרוש השגה יעד זה הוא עשרה שניים אלף יחידה	מספר יחידה דיור דרוש השגה יעד זה הוא עשרה שניים אלף יחידה
common_voice_he_39937268	מצב מצטייר הוא כאילו צפון לא שייך הודאה משום מה	מצב מצטייר הוא כאילו צפון לא שייך הודאה משום מה
common_voice_he_39937269	זה כזב אפשר הגיע צמיחה כלכלי יחד עם המשך כיבוש עימות	זה כזב אפשר הגיע צמיחה כלכלי יחד עם המשך כיבוש עימות
common_voice_he_39937270	חדש בלד רעם מרצ יהדות תורה	חדש בלד רעם מרץ יהדות תורה
common_voice_he_39937271	רבותיי שר שר ליברמן דבר של	רבותיי שר שר ליברמן דבר של
common_voice_he_39937272	מוזיקה של קירל הוא עקר סגנון פופ אך הוא משלב בתוך גם סגנון שונה	מוזיקה של קירל הוא עקר סגנון פופ אך הוא משלב בתוך גם סגנון שונה
common_voice_he_39937278	הוא גדול ללא שום התחשבנות קטן	הוא גדול ללא שום התחשבנות קטן
common_voice_he_39937279	שמחה מעמד ביניים אני נקרא זה	שמחה מעמד ביניים אני נקרא זה
common_voice_he_39937280	זה לא עוזר זה לא עוזר	זה לא עוזר זה לא עוזר
common_voice_he_39937281	אני רוצה שחרר שלושה אלף יחידה דיור מאושר חיפה	אני רוצה שחרר שלושה אלף יחידה דיור מאושר חיפה
common_voice_he_39937282	בית חולה מסכן חי אדם	בית חולה מסכן חי אדם
common_voice_he_40001946	דווקא בגלל זה אני מציע ידיד	דווקא בגלל זה אני מציע ידיד
common_voice_he_40001947	משמעות הוא אי אפשר הכניס מצלמה בית ספר	משמעות הוא אי אפשר הכניס מצלמה בית ספר
common_voice_he_40001948	תווך אימוץ מדיניות כלכלי חברתי צודק	תווך אימוץ מדיניות כלכלי חברתי צודק
common_voice_he_40001949	גם כאשר יש נגד כתב אישום	גם כאשר יש נגד כתב אישור
common_voice_he_40001950	קבוצה סיעה איחוד לאומי קבוצה סיעה מרצ פרק יב חשמל לא התקבל	קבוצה סיעה איחוד לאומי קבוצה סיעה מרץ פרק יב חשמל לא התקבל
common_voice_he_40001956	לפי שכל הילל איש נחוש לב היי בוז	לפי שכל איש לב היי בוז
common_voice_he_40001957	עניין יהודי אתיופיה הולך הרבה יותר רחוק מעבר סבתא	עניין יהודי אתיופיה הולך הרבה יותר רחוק מעבר סבתא
common_voice_he_40001958	אלא אני עמד גם מאחורי מילה הוא לא ציטט	אלא אני עמד גם מאחורי מילה הוא לא ציטט
common_voice_he_40001959	טענה כי פינוי יישוב הוא מחיר ראוי שילם	טענה כי פינוי יישוב הוא מחיר ראוי שילם
common_voice_he_40001960	רכבת קל תל אביב עובר מתחת אדמה מגיע עד פתח תקווה יד יפו	רכבת קל תל אביב עובר מתחת אדמה מגיע עד פתח תקווה יד יפו
common_voice_he_40001961	ארבעה מאה אלף מנה חיסון אמור הגיע בתוך שבוע קרוב	כ ארבעה מאה אלף מנה חיסון אמור הגיע בתוך שבוע קרוב
common_voice_he_40001962	נופל קסאמים תשובה הוא קסאמים משגר	נופל קסאמים תשובה הוא קסאמים משגר
common_voice_he_40001963	התבשר אתמול מיתון הסתיים התחיל צמיחה	התבשר אתמול מיתון הסתיים התחיל צמיחה
common_voice_he_40001964	תמיד עוזר תמיד טוב תמיד חשוב	תמיד עוזר תמיד טוב תמיד חשוב
common_voice_he_40001965	אני מתכבד הודיע זה על חילוף איש ועדה עניין ביקורת מדינה מטעם סיעה עבודה	אני מתכבד הודיע זה על חילוף איש ועדה עניין ביקורת מדינה מטעם סיעה עבודה
common_voice_he_40001966	הצבעה נערך כך מי הצביע בעד	הצבעה נערך כך מי הצביע בעד
common_voice_he_40001967	ביקש הצעה סדר יום לגבי מקרה של יום	ביקש הצעה סדר יום לגבי מקרה של יום
common_voice_he_40001968	ארגון לב אח פועל חיזוק תודעה יהודי עידוד חינוך תורני	ארגון לב אח פועל חיזוק תודעה יהודי עידוד חינוך תורני
common_voice_he_40001970	איש יודע אי אפשר עשה טרנספר ערבי	איש יודע אי אפשר עשה טרנספר ערבי
common_voice_he_40001972	אני ציבור אני ייצג די פתוח עניין זה	אני ציבור אני ייצג די פתוח עניין זה
common_voice_he_43539839	נתון הסתה פרוע צד מפלגה זה	נתון הסתה פרוע צד מפלגה זה
common_voice_he_43539841	יצא דרך אינתיפאדת היפרדות לבנון	יצא דרך היפרדות לבנון
common_voice_he_43539842	לא צפוי הליך בחירה נוסף תקופה קרובה	לא צפוי הליך בחירה נוסף תקופה קרובה
common_voice_he_43539843	סיכון נזילות סיכון משתתף לא היי די עמד חיוב מועד	סיכון נזילות סיכון של השתתף לא היי די עמד חיוב מועד
common_voice_he_43539844	זה מתפוצץ פה	זה מתפוצץ פה
common_voice_he_43539846	כמובן גם חפץ השיג נשק גרעיני	כמובן גם חפץ השיג נשק גרעיני
common_voice_he_43539848	חופש דעה ביטוי חופש התכנסות התאגדות	חופש דעה ביטוי חופש התכנסות התאגדות
common_voice_he_43539852	אבל אני חייב פיתח הביע תמיהה על כך אני ביקש קיים דיון מחודש	אבל אני חייב פיתח הביע תמיהה על כך אני ביקש קיים דיון מחודש
common_voice_he_43539859	יחד עם זה אני מרגיש כאן טוב	יחד עם זה אני מרגיש כאן טוב
